,id,name,height,weight,base-experience,evolves-from,hp,attack,defense,special-attack,special-defense,speed,primary-type,secondary-type,Region,Generation
0,1,Bulbasaur,7,69,,,45,49,49,65,65,45,grass,poison,Kanto,1
1,2,Ivysaur,10,130,,Bulbasaur,60,62,63,80,80,60,grass,poison,Kanto,1
2,3,Venusaur,20,1000,,Ivysaur,80,82,83,100,100,80,grass,poison,Kanto,1
3,4,Charmander,6,85,,,39,52,43,60,50,65,fire,,Kanto,1
4,5,Charmeleon,11,190,,Charmander,58,64,58,80,65,80,fire,,Kanto,1
5,6,Charizard,17,905,,Charmeleon,78,84,78,109,85,100,fire,flying,Kanto,1
6,7,Squirtle,5,90,,,44,48,65,50,64,43,water,,Kanto,1
7,8,Wartortle,10,225,,Squirtle,59,63,80,65,80,58,water,,Kanto,1
8,9,Blastoise,16,855,,Wartortle,79,83,100,85,105,78,water,,Kanto,1
9,10,Caterpie,3,29,,,45,30,35,20,20,45,bug,,Kanto,1
10,11,Metapod,7,99,,Caterpie,50,20,55,25,25,30,bug,,Kanto,1
11,12,Butterfree,11,320,,Metapod,60,45,50,90,80,70,bug,flying,Kanto,1
12,13,Weedle,3,32,,,40,35,30,20,20,50,bug,poison,Kanto,1
13,14,Kakuna,6,100,,Weedle,45,25,50,25,25,35,bug,poison,Kanto,1
14,15,Beedrill,10,295,,Kakuna,65,90,40,45,80,75,bug,poison,Kanto,1
15,16,Pidgey,3,18,,,40,45,40,35,35,56,normal,flying,Kanto,1
16,17,Pidgeotto,11,300,,Pidgey,63,60,55,50,50,71,normal,flying,Kanto,1
17,18,Pidgeot,15,395,,Pidgeotto,83,80,75,70,70,101,normal,flying,Kanto,1
18,19,Rattata,3,35,,,30,56,35,25,35,72,normal,,Kanto,1
19,20,Raticate,7,185,,Rattata,55,81,60,50,70,97,normal,,Kanto,1
20,21,Spearow,3,20,,,40,60,30,31,31,70,normal,flying,Kanto,1
21,22,Fearow,12,380,,Spearow,65,90,65,61,61,100,normal,flying,Kanto,1
22,23,Ekans,20,69,,,35,60,44,40,54,55,poison,,Kanto,1
23,24,Arbok,35,650,,Ekans,60,95,69,65,79,80,poison,,Kanto,1
24,25,Pikachu,4,60,,Pichu,35,55,40,50,50,90,electric,,Kanto,1
25,26,Raichu,8,300,,Pikachu,60,90,55,90,80,110,electric,,Kanto,1
26,27,Sandshrew,6,120,,,50,75,85,20,30,40,ground,,Kanto,1
27,28,Sandslash,10,295,,Sandshrew,75,100,110,45,55,65,ground,,Kanto,1
28,29,Nidoran-F,4,70,,,55,47,52,40,40,41,poison,,Kanto,1
29,30,Nidorina,8,200,,Nidoran-F,70,62,67,55,55,56,poison,,Kanto,1
30,31,Nidoqueen,13,600,,Nidorina,90,92,87,75,85,76,poison,ground,Kanto,1
31,32,Nidoran-M,5,90,,,46,57,40,40,40,50,poison,,Kanto,1
32,33,Nidorino,9,195,,Nidoran-M,61,72,57,55,55,65,poison,,Kanto,1
33,34,Nidoking,14,620,,Nidorino,81,102,77,85,75,85,poison,ground,Kanto,1
34,35,Clefairy,6,75,,Cleffa,70,45,48,60,65,35,fairy,,Kanto,1
35,36,Clefable,13,400,,Clefairy,95,70,73,95,90,60,fairy,,Kanto,1
36,37,Vulpix,6,99,,,38,41,40,50,65,65,fire,,Kanto,1
37,38,Ninetales,11,199,,Vulpix,73,76,75,81,100,100,fire,,Kanto,1
38,39,Jigglypuff,5,55,,Igglybuff,115,45,20,45,25,20,normal,fairy,Kanto,1
39,40,Wigglytuff,10,120,,Jigglypuff,140,70,45,85,50,45,normal,fairy,Kanto,1
40,41,Zubat,8,75,,,40,45,35,30,40,55,poison,flying,Kanto,1
41,42,Golbat,16,550,,Zubat,75,80,70,65,75,90,poison,flying,Kanto,1
42,43,Oddish,5,54,,,45,50,55,75,65,30,grass,poison,Kanto,1
43,44,Gloom,8,86,,Oddish,60,65,70,85,75,40,grass,poison,Kanto,1
44,45,Vileplume,12,186,,Gloom,75,80,85,110,90,50,grass,poison,Kanto,1
45,46,Paras,3,54,,,35,70,55,45,55,25,bug,grass,Kanto,1
46,47,Parasect,10,295,,Paras,60,95,80,60,80,30,bug,grass,Kanto,1
47,48,Venonat,10,300,,,60,55,50,40,55,45,bug,poison,Kanto,1
48,49,Venomoth,15,125,,Venonat,70,65,60,90,75,90,bug,poison,Kanto,1
49,50,Diglett,2,8,,,10,55,25,35,45,95,ground,,Kanto,1
50,51,Dugtrio,7,333,,Diglett,35,100,50,50,70,120,ground,,Kanto,1
51,52,Meowth,4,42,,,40,45,35,40,40,90,normal,,Kanto,1
52,53,Persian,10,320,,Meowth,65,70,60,65,65,115,normal,,Kanto,1
53,54,Psyduck,8,196,,,50,52,48,65,50,55,water,,Kanto,1
54,55,Golduck,17,766,,Psyduck,80,82,78,95,80,85,water,,Kanto,1
55,56,Mankey,5,280,,,40,80,35,35,45,70,fighting,,Kanto,1
56,57,Primeape,10,320,,Mankey,65,105,60,60,70,95,fighting,,Kanto,1
57,58,Growlithe,7,190,,,55,70,45,70,50,60,fire,,Kanto,1
58,59,Arcanine,19,1550,,Growlithe,90,110,80,100,80,95,fire,,Kanto,1
59,60,Poliwag,6,124,,,40,50,40,40,40,90,water,,Kanto,1
60,61,Poliwhirl,10,200,,Poliwag,65,65,65,50,50,90,water,,Kanto,1
61,62,Poliwrath,13,540,,Poliwhirl,90,95,95,70,90,70,water,fighting,Kanto,1
62,63,Abra,9,195,,,25,20,15,105,55,90,psychic,,Kanto,1
63,64,Kadabra,13,565,,Abra,40,35,30,120,70,105,psychic,,Kanto,1
64,65,Alakazam,15,480,,Kadabra,55,50,45,135,95,120,psychic,,Kanto,1
65,66,Machop,8,195,,,70,80,50,35,35,35,fighting,,Kanto,1
66,67,Machoke,15,705,,Machop,80,100,70,50,60,45,fighting,,Kanto,1
67,68,Machamp,16,1300,,Machoke,90,130,80,65,85,55,fighting,,Kanto,1
68,69,Bellsprout,7,40,,,50,75,35,70,30,40,grass,poison,Kanto,1
69,70,Weepinbell,10,64,,Bellsprout,65,90,50,85,45,55,grass,poison,Kanto,1
70,71,Victreebel,17,155,,Weepinbell,80,105,65,100,70,70,grass,poison,Kanto,1
71,72,Tentacool,9,455,,,40,40,35,50,100,70,water,poison,Kanto,1
72,73,Tentacruel,16,550,,Tentacool,80,70,65,80,120,100,water,poison,Kanto,1
73,74,Geodude,4,200,,,40,80,100,30,30,20,rock,ground,Kanto,1
74,75,Graveler,10,1050,,Geodude,55,95,115,45,45,35,rock,ground,Kanto,1
75,76,Golem,14,3000,,Graveler,80,120,130,55,65,45,rock,ground,Kanto,1
76,77,Ponyta,10,300,,,50,85,55,65,65,90,fire,,Kanto,1
77,78,Rapidash,17,950,,Ponyta,65,100,70,80,80,105,fire,,Kanto,1
78,79,Slowpoke,12,360,,,90,65,65,40,40,15,water,psychic,Kanto,1
79,80,Slowbro,16,785,,Slowpoke,95,75,110,100,80,30,water,psychic,Kanto,1
80,81,Magnemite,3,60,,,25,35,70,95,55,45,electric,steel,Kanto,1
81,82,Magneton,10,600,,Magnemite,50,60,95,120,70,70,electric,steel,Kanto,1
82,83,Farfetchd,8,150,,,52,90,55,58,62,60,normal,flying,Kanto,1
83,84,Doduo,14,392,,,35,85,45,35,35,75,normal,flying,Kanto,1
84,85,Dodrio,18,852,,Doduo,60,110,70,60,60,110,normal,flying,Kanto,1
85,86,Seel,11,900,,,65,45,55,45,70,45,water,,Kanto,1
86,87,Dewgong,17,1200,,Seel,90,70,80,70,95,70,water,ice,Kanto,1
87,88,Grimer,9,300,,,80,80,50,40,50,25,poison,,Kanto,1
88,89,Muk,12,300,,Grimer,105,105,75,65,100,50,poison,,Kanto,1
89,90,Shellder,3,40,,,30,65,100,45,25,40,water,,Kanto,1
90,91,Cloyster,15,1325,,Shellder,50,95,180,85,45,70,water,ice,Kanto,1
91,92,Gastly,13,1,,,30,35,30,100,35,80,ghost,poison,Kanto,1
92,93,Haunter,16,1,,Gastly,45,50,45,115,55,95,ghost,poison,Kanto,1
93,94,Gengar,15,405,,Haunter,60,65,60,130,75,110,ghost,poison,Kanto,1
94,95,Onix,88,2100,,,35,45,160,30,45,70,rock,ground,Kanto,1
95,96,Drowzee,10,324,,,60,48,45,43,90,42,psychic,,Kanto,1
96,97,Hypno,16,756,,Drowzee,85,73,70,73,115,67,psychic,,Kanto,1
97,98,Krabby,4,65,,,30,105,90,25,25,50,water,,Kanto,1
98,99,Kingler,13,600,,Krabby,55,130,115,50,50,75,water,,Kanto,1
99,100,Voltorb,5,104,,,40,30,50,55,55,100,electric,,Kanto,1
100,101,Electrode,12,666,,Voltorb,60,50,70,80,80,150,electric,,Kanto,1
101,102,Exeggcute,4,25,,,60,40,80,60,45,40,grass,psychic,Kanto,1
102,103,Exeggutor,20,1200,,Exeggcute,95,95,85,125,75,55,grass,psychic,Kanto,1
103,104,Cubone,4,65,,,50,50,95,40,50,35,ground,,Kanto,1
104,105,Marowak,10,450,,Cubone,60,80,110,50,80,45,ground,,Kanto,1
105,106,Hitmonlee,15,498,,Tyrogue,50,120,53,35,110,87,fighting,,Kanto,1
106,107,Hitmonchan,14,502,,Tyrogue,50,105,79,35,110,76,fighting,,Kanto,1
107,108,Lickitung,12,655,,,90,55,75,60,75,30,normal,,Kanto,1
108,109,Koffing,6,10,,,40,65,95,60,45,35,poison,,Kanto,1
109,110,Weezing,12,95,,Koffing,65,90,120,85,70,60,poison,,Kanto,1
110,111,Rhyhorn,10,1150,,,80,85,95,30,30,25,ground,rock,Kanto,1
111,112,Rhydon,19,1200,,Rhyhorn,105,130,120,45,45,40,ground,rock,Kanto,1
112,113,Chansey,11,346,,Happiny,250,5,5,35,105,50,normal,,Kanto,1
113,114,Tangela,10,350,,,65,55,115,100,40,60,grass,,Kanto,1
114,115,Kangaskhan,22,800,,,105,95,80,40,80,90,normal,,Kanto,1
115,116,Horsea,4,80,,,30,40,70,70,25,60,water,,Kanto,1
116,117,Seadra,12,250,,Horsea,55,65,95,95,45,85,water,,Kanto,1
117,118,Goldeen,6,150,,,45,67,60,35,50,63,water,,Kanto,1
118,119,Seaking,13,390,,Goldeen,80,92,65,65,80,68,water,,Kanto,1
119,120,Staryu,8,345,,,30,45,55,70,55,85,water,,Kanto,1
120,121,Starmie,11,800,,Staryu,60,75,85,100,85,115,water,psychic,Kanto,1
121,122,Mr-Mime,13,545,,Mime-Jr,40,45,65,100,120,90,psychic,fairy,Kanto,1
122,123,Scyther,15,560,,,70,110,80,55,80,105,bug,flying,Kanto,1
123,124,Jynx,14,406,,Smoochum,65,50,35,115,95,95,ice,psychic,Kanto,1
124,125,Electabuzz,11,300,,Elekid,65,83,57,95,85,105,electric,,Kanto,1
125,126,Magmar,13,445,,Magby,65,95,57,100,85,93,fire,,Kanto,1
126,127,Pinsir,15,550,,,65,125,100,55,70,85,bug,,Kanto,1
127,128,Tauros,14,884,,,75,100,95,40,70,110,normal,,Kanto,1
128,129,Magikarp,9,100,,,20,10,55,15,20,80,water,,Kanto,1
129,130,Gyarados,65,2350,,Magikarp,95,125,79,60,100,81,water,flying,Kanto,1
130,131,Lapras,25,2200,,,130,85,80,85,95,60,water,ice,Kanto,1
131,132,Ditto,3,40,,,48,48,48,48,48,48,normal,,Kanto,1
132,133,Eevee,3,65,,,55,55,50,45,65,55,normal,,Kanto,1
133,134,Vaporeon,10,290,,Eevee,130,65,60,110,95,65,water,,Kanto,1
134,135,Jolteon,8,245,,Eevee,65,65,60,110,95,130,electric,,Kanto,1
135,136,Flareon,9,250,,Eevee,65,130,60,95,110,65,fire,,Kanto,1
136,137,Porygon,8,365,,,65,60,70,85,75,40,normal,,Kanto,1
137,138,Omanyte,4,75,,,35,40,100,90,55,35,rock,water,Kanto,1
138,139,Omastar,10,350,,Omanyte,70,60,125,115,70,55,rock,water,Kanto,1
139,140,Kabuto,5,115,,,30,80,90,55,45,55,rock,water,Kanto,1
140,141,Kabutops,13,405,,Kabuto,60,115,105,65,70,80,rock,water,Kanto,1
141,142,Aerodactyl,18,590,,,80,105,65,60,75,130,rock,flying,Kanto,1
142,143,Snorlax,21,4600,,Munchlax,160,110,65,65,110,30,normal,,Kanto,1
143,144,Articuno,17,554,,,90,85,100,95,125,85,ice,flying,Kanto,1
144,145,Zapdos,16,526,,,90,90,85,125,90,100,electric,flying,Kanto,1
145,146,Moltres,20,600,,,90,100,90,125,85,90,fire,flying,Kanto,1
146,147,Dratini,18,33,,,41,64,45,50,50,50,dragon,,Kanto,1
147,148,Dragonair,40,165,,Dratini,61,84,65,70,70,70,dragon,,Kanto,1
148,149,Dragonite,22,2100,,Dragonair,91,134,95,100,100,80,dragon,flying,Kanto,1
149,150,Mewtwo,20,1220,,,106,110,90,154,90,130,psychic,,Kanto,1
150,151,Mew,4,40,,,100,100,100,100,100,100,psychic,,Kanto,1
151,152,Chikorita,9,64,,,45,49,65,49,65,45,grass,,Johto,2
152,153,Bayleef,12,158,,Chikorita,60,62,80,63,80,60,grass,,Johto,2
153,154,Meganium,18,1005,,Bayleef,80,82,100,83,100,80,grass,,Johto,2
154,155,Cyndaquil,5,79,,,39,52,43,60,50,65,fire,,Johto,2
155,156,Quilava,9,190,,Cyndaquil,58,64,58,80,65,80,fire,,Johto,2
156,157,Typhlosion,17,795,,Quilava,78,84,78,109,85,100,fire,,Johto,2
157,158,Totodile,6,95,,,50,65,64,44,48,43,water,,Johto,2
158,159,Croconaw,11,250,,Totodile,65,80,80,59,63,58,water,,Johto,2
159,160,Feraligatr,23,888,,Croconaw,85,105,100,79,83,78,water,,Johto,2
160,161,Sentret,8,60,,,35,46,34,35,45,20,normal,,Johto,2
161,162,Furret,18,325,,Sentret,85,76,64,45,55,90,normal,,Johto,2
162,163,Hoothoot,7,212,,,60,30,30,36,56,50,normal,flying,Johto,2
163,164,Noctowl,16,408,,Hoothoot,100,50,50,86,96,70,normal,flying,Johto,2
164,165,Ledyba,10,108,,,40,20,30,40,80,55,bug,flying,Johto,2
165,166,Ledian,14,356,,Ledyba,55,35,50,55,110,85,bug,flying,Johto,2
166,167,Spinarak,5,85,,,40,60,40,40,40,30,bug,poison,Johto,2
167,168,Ariados,11,335,,Spinarak,70,90,70,60,70,40,bug,poison,Johto,2
168,169,Crobat,18,750,,Golbat,85,90,80,70,80,130,poison,flying,Johto,2
169,170,Chinchou,5,120,,,75,38,38,56,56,67,water,electric,Johto,2
170,171,Lanturn,12,225,,Chinchou,125,58,58,76,76,67,water,electric,Johto,2
171,172,Pichu,3,20,,,20,40,15,35,35,60,electric,,Johto,2
172,173,Cleffa,3,30,,,50,25,28,45,55,15,fairy,,Johto,2
173,174,Igglybuff,3,10,,,90,30,15,40,20,15,normal,fairy,Johto,2
174,175,Togepi,3,15,,,35,20,65,40,65,20,fairy,,Johto,2
175,176,Togetic,6,32,,Togepi,55,40,85,80,105,40,fairy,flying,Johto,2
176,177,Natu,2,20,,,40,50,45,70,45,70,psychic,flying,Johto,2
177,178,Xatu,15,150,,Natu,65,75,70,95,70,95,psychic,flying,Johto,2
178,179,Mareep,6,78,,,55,40,40,65,45,35,electric,,Johto,2
179,180,Flaaffy,8,133,,Mareep,70,55,55,80,60,45,electric,,Johto,2
180,181,Ampharos,14,615,,Flaaffy,90,75,85,115,90,55,electric,,Johto,2
181,182,Bellossom,4,58,,Gloom,75,80,95,90,100,50,grass,,Johto,2
182,183,Marill,4,85,,Azurill,70,20,50,20,50,40,water,fairy,Johto,2
183,184,Azumarill,8,285,,Marill,100,50,80,60,80,50,water,fairy,Johto,2
184,185,Sudowoodo,12,380,,Bonsly,70,100,115,30,65,30,rock,,Johto,2
185,186,Politoed,11,339,,Poliwhirl,90,75,75,90,100,70,water,,Johto,2
186,187,Hoppip,4,5,,,35,35,40,35,55,50,grass,flying,Johto,2
187,188,Skiploom,6,10,,Hoppip,55,45,50,45,65,80,grass,flying,Johto,2
188,189,Jumpluff,8,30,,Skiploom,75,55,70,55,95,110,grass,flying,Johto,2
189,190,Aipom,8,115,,,55,70,55,40,55,85,normal,,Johto,2
190,191,Sunkern,3,18,,,30,30,30,30,30,30,grass,,Johto,2
191,192,Sunflora,8,85,,Sunkern,75,75,55,105,85,30,grass,,Johto,2
192,193,Yanma,12,380,,,65,65,45,75,45,95,bug,flying,Johto,2
193,194,Wooper,4,85,,,55,45,45,25,25,15,water,ground,Johto,2
194,195,Quagsire,14,750,,Wooper,95,85,85,65,65,35,water,ground,Johto,2
195,196,Espeon,9,265,,Eevee,65,65,60,130,95,110,psychic,,Johto,2
196,197,Umbreon,10,270,,Eevee,95,65,110,60,130,65,dark,,Johto,2
197,198,Murkrow,5,21,,,60,85,42,85,42,91,dark,flying,Johto,2
198,199,Slowking,20,795,,Slowpoke,95,75,80,100,110,30,water,psychic,Johto,2
199,200,Misdreavus,7,10,,,60,60,60,85,85,85,ghost,,Johto,2
200,201,Unown,5,50,,,48,72,48,72,48,48,psychic,,Johto,2
201,202,Wobbuffet,13,285,,Wynaut,190,33,58,33,58,33,psychic,,Johto,2
202,203,Girafarig,15,415,,,70,80,65,90,65,85,normal,psychic,Johto,2
203,204,Pineco,6,72,,,50,65,90,35,35,15,bug,,Johto,2
204,205,Forretress,12,1258,,Pineco,75,90,140,60,60,40,bug,steel,Johto,2
205,206,Dunsparce,15,140,,,100,70,70,65,65,45,normal,,Johto,2
206,207,Gligar,11,648,,,65,75,105,35,65,85,ground,flying,Johto,2
207,208,Steelix,92,4000,,Onix,75,85,200,55,65,30,steel,ground,Johto,2
208,209,Snubbull,6,78,,,60,80,50,40,40,30,fairy,,Johto,2
209,210,Granbull,14,487,,Snubbull,90,120,75,60,60,45,fairy,,Johto,2
210,211,Qwilfish,5,39,,,65,95,85,55,55,85,water,poison,Johto,2
211,212,Scizor,18,1180,,Scyther,70,130,100,55,80,65,bug,steel,Johto,2
212,213,Shuckle,6,205,,,20,10,230,10,230,5,bug,rock,Johto,2
213,214,Heracross,15,540,,,80,125,75,40,95,85,bug,fighting,Johto,2
214,215,Sneasel,9,280,,,55,95,55,35,75,115,dark,ice,Johto,2
215,216,Teddiursa,6,88,,,60,80,50,50,50,40,normal,,Johto,2
216,217,Ursaring,18,1258,,Teddiursa,90,130,75,75,75,55,normal,,Johto,2
217,218,Slugma,7,350,,,40,40,40,70,40,20,fire,,Johto,2
218,219,Magcargo,8,550,,Slugma,60,50,120,90,80,30,fire,rock,Johto,2
219,220,Swinub,4,65,,,50,50,40,30,30,50,ice,ground,Johto,2
220,221,Piloswine,11,558,,Swinub,100,100,80,60,60,50,ice,ground,Johto,2
221,222,Corsola,6,50,,,65,55,95,65,95,35,water,rock,Johto,2
222,223,Remoraid,6,120,,,35,65,35,65,35,65,water,,Johto,2
223,224,Octillery,9,285,,Remoraid,75,105,75,105,75,45,water,,Johto,2
224,225,Delibird,9,160,,,45,55,45,65,45,75,ice,flying,Johto,2
225,226,Mantine,21,2200,,Mantyke,85,40,70,80,140,70,water,flying,Johto,2
226,227,Skarmory,17,505,,,65,80,140,40,70,70,steel,flying,Johto,2
227,228,Houndour,6,108,,,45,60,30,80,50,65,dark,fire,Johto,2
228,229,Houndoom,14,350,,Houndour,75,90,50,110,80,95,dark,fire,Johto,2
229,230,Kingdra,18,1520,,Seadra,75,95,95,95,95,85,water,dragon,Johto,2
230,231,Phanpy,5,335,,,90,60,60,40,40,40,ground,,Johto,2
231,232,Donphan,11,1200,,Phanpy,90,120,120,60,60,50,ground,,Johto,2
232,233,Porygon2,6,325,,Porygon,85,80,90,105,95,60,normal,,Johto,2
233,234,Stantler,14,712,,,73,95,62,85,65,85,normal,,Johto,2
234,235,Smeargle,12,580,,,55,20,35,20,45,75,normal,,Johto,2
235,236,Tyrogue,7,210,,,35,35,35,35,35,35,fighting,,Johto,2
236,237,Hitmontop,14,480,,Tyrogue,50,95,95,35,110,70,fighting,,Johto,2
237,238,Smoochum,4,60,,,45,30,15,85,65,65,ice,psychic,Johto,2
238,239,Elekid,6,235,,,45,63,37,65,55,95,electric,,Johto,2
239,240,Magby,7,214,,,45,75,37,70,55,83,fire,,Johto,2
240,241,Miltank,12,755,,,95,80,105,40,70,100,normal,,Johto,2
241,242,Blissey,15,468,,Chansey,255,10,10,75,135,55,normal,,Johto,2
242,243,Raikou,19,1780,,,90,85,75,115,100,115,electric,,Johto,2
243,244,Entei,21,1980,,,115,115,85,90,75,100,fire,,Johto,2
244,245,Suicune,20,1870,,,100,75,115,90,115,85,water,,Johto,2
245,246,Larvitar,6,720,,,50,64,50,45,50,41,rock,ground,Johto,2
246,247,Pupitar,12,1520,,Larvitar,70,84,70,65,70,51,rock,ground,Johto,2
247,248,Tyranitar,20,2020,,Pupitar,100,134,110,95,100,61,rock,dark,Johto,2
248,249,Lugia,52,2160,,,106,90,130,90,154,110,psychic,flying,Johto,2
249,250,Ho-Oh,38,1990,,,106,130,90,110,154,90,fire,flying,Johto,2
250,251,Celebi,6,50,,,100,100,100,100,100,100,psychic,grass,Johto,2
251,252,Treecko,5,50,,,40,45,35,65,55,70,grass,,Hoenn,3
252,253,Grovyle,9,216,,Treecko,50,65,45,85,65,95,grass,,Hoenn,3
253,254,Sceptile,17,522,,Grovyle,70,85,65,105,85,120,grass,,Hoenn,3
254,255,Torchic,4,25,,,45,60,40,70,50,45,fire,,Hoenn,3
255,256,Combusken,9,195,,Torchic,60,85,60,85,60,55,fire,fighting,Hoenn,3
256,257,Blaziken,19,520,,Combusken,80,120,70,110,70,80,fire,fighting,Hoenn,3
257,258,Mudkip,4,76,,,50,70,50,50,50,40,water,,Hoenn,3
258,259,Marshtomp,7,280,,Mudkip,70,85,70,60,70,50,water,ground,Hoenn,3
259,260,Swampert,15,819,,Marshtomp,100,110,90,85,90,60,water,ground,Hoenn,3
260,261,Poochyena,5,136,,,35,55,35,30,30,35,dark,,Hoenn,3
261,262,Mightyena,10,370,,Poochyena,70,90,70,60,60,70,dark,,Hoenn,3
262,263,Zigzagoon,4,175,,,38,30,41,30,41,60,normal,,Hoenn,3
263,264,Linoone,5,325,,Zigzagoon,78,70,61,50,61,100,normal,,Hoenn,3
264,265,Wurmple,3,36,,,45,45,35,20,30,20,bug,,Hoenn,3
265,266,Silcoon,6,100,,Wurmple,50,35,55,25,25,15,bug,,Hoenn,3
266,267,Beautifly,10,284,,Silcoon,60,70,50,100,50,65,bug,flying,Hoenn,3
267,268,Cascoon,7,115,,Wurmple,50,35,55,25,25,15,bug,,Hoenn,3
268,269,Dustox,12,316,,,60,50,70,50,90,65,bug,poison,Hoenn,3
269,270,Lotad,5,26,,,40,30,30,40,50,30,water,grass,Hoenn,3
270,271,Lombre,12,325,,Lotad,60,50,50,60,70,50,water,grass,Hoenn,3
271,272,Ludicolo,15,550,,Lombre,80,70,70,90,100,70,water,grass,Hoenn,3
272,273,Seedot,5,40,,,40,40,50,30,30,30,grass,,Hoenn,3
273,274,Nuzleaf,10,280,,Seedot,70,70,40,60,40,60,grass,dark,Hoenn,3
274,275,Shiftry,13,596,,Nuzleaf,90,100,60,90,60,80,grass,dark,Hoenn,3
275,276,Taillow,3,23,,,40,55,30,30,30,85,normal,flying,Hoenn,3
276,277,Swellow,7,198,,Taillow,60,85,60,75,50,125,normal,flying,Hoenn,3
277,278,Wingull,6,95,,,40,30,30,55,30,85,water,flying,Hoenn,3
278,279,Pelipper,12,280,,Wingull,60,50,100,95,70,65,water,flying,Hoenn,3
279,280,Ralts,4,66,,,28,25,25,45,35,40,psychic,fairy,Hoenn,3
280,281,Kirlia,8,202,,Ralts,38,35,35,65,55,50,psychic,fairy,Hoenn,3
281,282,Gardevoir,16,484,,Kirlia,68,65,65,125,115,80,psychic,fairy,Hoenn,3
282,283,Surskit,5,17,,,40,30,32,50,52,65,bug,water,Hoenn,3
283,284,Masquerain,8,36,,Surskit,70,60,62,100,82,80,bug,flying,Hoenn,3
284,285,Shroomish,4,45,,,60,40,60,40,60,35,grass,,Hoenn,3
285,286,Breloom,12,392,,Shroomish,60,130,80,60,60,70,grass,fighting,Hoenn,3
286,287,Slakoth,8,240,,,60,60,60,35,35,30,normal,,Hoenn,3
287,288,Vigoroth,14,465,,Slakoth,80,80,80,55,55,90,normal,,Hoenn,3
288,289,Slaking,20,1305,,Vigoroth,150,160,100,95,65,100,normal,,Hoenn,3
289,290,Nincada,5,55,,,31,45,90,30,30,40,bug,ground,Hoenn,3
290,291,Ninjask,8,120,,Nincada,61,90,45,50,50,160,bug,flying,Hoenn,3
291,292,Shedinja,8,12,,Nincada,1,90,45,30,30,40,bug,ghost,Hoenn,3
292,293,Whismur,6,163,,,64,51,23,51,23,28,normal,,Hoenn,3
293,294,Loudred,10,405,,Whismur,84,71,43,71,43,48,normal,,Hoenn,3
294,295,Exploud,15,840,,Loudred,104,91,63,91,73,68,normal,,Hoenn,3
295,296,Makuhita,10,864,,,72,60,30,20,30,25,fighting,,Hoenn,3
296,297,Hariyama,23,2538,,Makuhita,144,120,60,40,60,50,fighting,,Hoenn,3
297,298,Azurill,2,20,,,50,20,40,20,40,20,normal,fairy,Hoenn,3
298,299,Nosepass,10,970,,,30,45,135,45,90,30,rock,,Hoenn,3
299,300,Skitty,6,110,,,50,45,45,35,35,50,normal,,Hoenn,3
300,301,Delcatty,11,326,,Skitty,70,65,65,55,55,90,normal,,Hoenn,3
301,302,Sableye,5,110,,,50,75,75,65,65,50,dark,ghost,Hoenn,3
302,303,Mawile,6,115,,,50,85,85,55,55,50,steel,fairy,Hoenn,3
303,304,Aron,4,600,,,50,70,100,40,40,30,steel,rock,Hoenn,3
304,305,Lairon,9,1200,,Aron,60,90,140,50,50,40,steel,rock,Hoenn,3
305,306,Aggron,21,3600,,Lairon,70,110,180,60,60,50,steel,rock,Hoenn,3
306,307,Meditite,6,112,,,30,40,55,40,55,60,fighting,psychic,Hoenn,3
307,308,Medicham,13,315,,Meditite,60,60,75,60,75,80,fighting,psychic,Hoenn,3
308,309,Electrike,6,152,,,40,45,40,65,40,65,electric,,Hoenn,3
309,310,Manectric,15,402,,Electrike,70,75,60,105,60,105,electric,,Hoenn,3
310,311,Plusle,4,42,,,60,50,40,85,75,95,electric,,Hoenn,3
311,312,Minun,4,42,,,60,40,50,75,85,95,electric,,Hoenn,3
312,313,Volbeat,7,177,,,65,73,75,47,85,85,bug,,Hoenn,3
313,314,Illumise,6,177,,,65,47,75,73,85,85,bug,,Hoenn,3
314,315,Roselia,3,20,,Budew,50,60,45,100,80,65,grass,poison,Hoenn,3
315,316,Gulpin,4,103,,,70,43,53,43,53,40,poison,,Hoenn,3
316,317,Swalot,17,800,,Gulpin,100,73,83,73,83,55,poison,,Hoenn,3
317,318,Carvanha,8,208,,,45,90,20,65,20,65,water,dark,Hoenn,3
318,319,Sharpedo,18,888,,Carvanha,70,120,40,95,40,95,water,dark,Hoenn,3
319,320,Wailmer,20,1300,,,130,70,35,70,35,60,water,,Hoenn,3
320,321,Wailord,145,3980,,Wailmer,170,90,45,90,45,60,water,,Hoenn,3
321,322,Numel,7,240,,,60,60,40,65,45,35,fire,ground,Hoenn,3
322,323,Camerupt,19,2200,,Numel,70,100,70,105,75,40,fire,ground,Hoenn,3
323,324,Torkoal,5,804,,,70,85,140,85,70,20,fire,,Hoenn,3
324,325,Spoink,7,306,,,60,25,35,70,80,60,psychic,,Hoenn,3
325,326,Grumpig,9,715,,Spoink,80,45,65,90,110,80,psychic,,Hoenn,3
326,327,Spinda,11,50,,,60,60,60,60,60,60,normal,,Hoenn,3
327,328,Trapinch,7,150,,,45,100,45,45,45,10,ground,,Hoenn,3
328,329,Vibrava,11,153,,Trapinch,50,70,50,50,50,70,ground,dragon,Hoenn,3
329,330,Flygon,20,820,,Vibrava,80,100,80,80,80,100,ground,dragon,Hoenn,3
330,331,Cacnea,4,513,,,50,85,40,85,40,35,grass,,Hoenn,3
331,332,Cacturne,13,774,,Cacnea,70,115,60,115,60,55,grass,dark,Hoenn,3
332,333,Swablu,4,12,,,45,40,60,40,75,50,normal,flying,Hoenn,3
333,334,Altaria,11,206,,Swablu,75,70,90,70,105,80,dragon,flying,Hoenn,3
334,335,Zangoose,13,403,,,73,115,60,60,60,90,normal,,Hoenn,3
335,336,Seviper,27,525,,,73,100,60,100,60,65,poison,,Hoenn,3
336,337,Lunatone,10,1680,,,90,55,65,95,85,70,rock,psychic,Hoenn,3
337,338,Solrock,12,1540,,,90,95,85,55,65,70,rock,psychic,Hoenn,3
338,339,Barboach,4,19,,,50,48,43,46,41,60,water,ground,Hoenn,3
339,340,Whiscash,9,236,,Barboach,110,78,73,76,71,60,water,ground,Hoenn,3
340,341,Corphish,6,115,,,43,80,65,50,35,35,water,,Hoenn,3
341,342,Crawdaunt,11,328,,Corphish,63,120,85,90,55,55,water,dark,Hoenn,3
342,343,Baltoy,5,215,,,40,40,55,40,70,55,ground,psychic,Hoenn,3
343,344,Claydol,15,1080,,Baltoy,60,70,105,70,120,75,ground,psychic,Hoenn,3
344,345,Lileep,10,238,,,66,41,77,61,87,23,rock,grass,Hoenn,3
345,346,Cradily,15,604,,Lileep,86,81,97,81,107,43,rock,grass,Hoenn,3
346,347,Anorith,7,125,,,45,95,50,40,50,75,rock,bug,Hoenn,3
347,348,Armaldo,15,682,,Anorith,75,125,100,70,80,45,rock,bug,Hoenn,3
348,349,Feebas,6,74,,,20,15,20,10,55,80,water,,Hoenn,3
349,350,Milotic,62,1620,,Feebas,95,60,79,100,125,81,water,,Hoenn,3
350,351,Castform,3,8,,,70,70,70,70,70,70,normal,,Hoenn,3
351,352,Kecleon,10,220,,,60,90,70,60,120,40,normal,,Hoenn,3
352,353,Shuppet,6,23,,,44,75,35,63,33,45,ghost,,Hoenn,3
353,354,Banette,11,125,,Shuppet,64,115,65,83,63,65,ghost,,Hoenn,3
354,355,Duskull,8,150,,,20,40,90,30,90,25,ghost,,Hoenn,3
355,356,Dusclops,16,306,,Duskull,40,70,130,60,130,25,ghost,,Hoenn,3
356,357,Tropius,20,1000,,,99,68,83,72,87,51,grass,flying,Hoenn,3
357,358,Chimecho,6,10,,Chingling,75,50,80,95,90,65,psychic,,Hoenn,3
358,359,Absol,12,470,,,65,130,60,75,60,75,dark,,Hoenn,3
359,360,Wynaut,6,140,,,95,23,48,23,48,23,psychic,,Hoenn,3
360,361,Snorunt,7,168,,,50,50,50,50,50,50,ice,,Hoenn,3
361,362,Glalie,15,2565,,Snorunt,80,80,80,80,80,80,ice,,Hoenn,3
362,363,Spheal,8,395,,,70,40,50,55,50,25,ice,water,Hoenn,3
363,364,Sealeo,11,876,,Spheal,90,60,70,75,70,45,ice,water,Hoenn,3
364,365,Walrein,14,1506,,Sealeo,110,80,90,95,90,65,ice,water,Hoenn,3
365,366,Clamperl,4,525,,,35,64,85,74,55,32,water,,Hoenn,3
366,367,Huntail,17,270,,Clamperl,55,104,105,94,75,52,water,,Hoenn,3
367,368,Gorebyss,18,226,,Clamperl,55,84,105,114,75,52,water,,Hoenn,3
368,369,Relicanth,10,234,,,100,90,130,45,65,55,water,rock,Hoenn,3
369,370,Luvdisc,6,87,,,43,30,55,40,65,97,water,,Hoenn,3
370,371,Bagon,6,421,,,45,75,60,40,30,50,dragon,,Hoenn,3
371,372,Shelgon,11,1105,,Bagon,65,95,100,60,50,50,dragon,,Hoenn,3
372,373,Salamence,15,1026,,Shelgon,95,135,80,110,80,100,dragon,flying,Hoenn,3
373,374,Beldum,6,952,,,40,55,80,35,60,30,steel,psychic,Hoenn,3
374,375,Metang,12,2025,,Beldum,60,75,100,55,80,50,steel,psychic,Hoenn,3
375,376,Metagross,16,5500,,Metang,80,135,130,95,90,70,steel,psychic,Hoenn,3
376,377,Regirock,17,2300,,,80,100,200,50,100,50,rock,,Hoenn,3
377,378,Regice,18,1750,,,80,50,100,100,200,50,ice,,Hoenn,3
378,379,Registeel,19,2050,,,80,75,150,75,150,50,steel,,Hoenn,3
379,380,Latias,14,400,,,80,80,90,110,130,110,dragon,psychic,Hoenn,3
380,381,Latios,20,600,,,80,90,80,130,110,110,dragon,psychic,Hoenn,3
381,382,Kyogre,45,3520,,,100,100,90,150,140,90,water,,Hoenn,3
382,383,Groudon,35,9500,,,100,150,140,100,90,90,ground,,Hoenn,3
383,384,Rayquaza,70,2065,,,105,150,90,150,90,95,dragon,flying,Hoenn,3
384,385,Jirachi,3,11,,,100,100,100,100,100,100,steel,psychic,Hoenn,3
385,386,Deoxys-Normal,17,608,,,50,150,50,150,50,150,psychic,,Hoenn,3
386,387,Turtwig,4,102,,,55,68,64,45,55,31,grass,,Sinnoh,4
387,388,Grotle,11,970,,Turtwig,75,89,85,55,65,36,grass,,Sinnoh,4
388,389,Torterra,22,3100,,Grotle,95,109,105,75,85,56,grass,ground,Sinnoh,4
389,390,Chimchar,5,62,,,44,58,44,58,44,61,fire,,Sinnoh,4
390,391,Monferno,9,220,,Chimchar,64,78,52,78,52,81,fire,fighting,Sinnoh,4
391,392,Infernape,12,550,,Monferno,76,104,71,104,71,108,fire,fighting,Sinnoh,4
392,393,Piplup,4,52,,,53,51,53,61,56,40,water,,Sinnoh,4
393,394,Prinplup,8,230,,Piplup,64,66,68,81,76,50,water,,Sinnoh,4
394,395,Empoleon,17,845,,Prinplup,84,86,88,111,101,60,water,steel,Sinnoh,4
395,396,Starly,3,20,,,40,55,30,30,30,60,normal,flying,Sinnoh,4
396,397,Staravia,6,155,,Starly,55,75,50,40,40,80,normal,flying,Sinnoh,4
397,398,Staraptor,12,249,,Staravia,85,120,70,50,60,100,normal,flying,Sinnoh,4
398,399,Bidoof,5,200,,,59,45,40,35,40,31,normal,,Sinnoh,4
399,400,Bibarel,10,315,,Bidoof,79,85,60,55,60,71,normal,water,Sinnoh,4
400,401,Kricketot,3,22,,,37,25,41,25,41,25,bug,,Sinnoh,4
401,402,Kricketune,10,255,,Kricketot,77,85,51,55,51,65,bug,,Sinnoh,4
402,403,Shinx,5,95,,,45,65,34,40,34,45,electric,,Sinnoh,4
403,404,Luxio,9,305,,Shinx,60,85,49,60,49,60,electric,,Sinnoh,4
404,405,Luxray,14,420,,Luxio,80,120,79,95,79,70,electric,,Sinnoh,4
405,406,Budew,2,12,,,40,30,35,50,70,55,grass,poison,Sinnoh,4
406,407,Roserade,9,145,,Roselia,60,70,65,125,105,90,grass,poison,Sinnoh,4
407,408,Cranidos,9,315,,,67,125,40,30,30,58,rock,,Sinnoh,4
408,409,Rampardos,16,1025,,Cranidos,97,165,60,65,50,58,rock,,Sinnoh,4
409,410,Shieldon,5,570,,,30,42,118,42,88,30,rock,steel,Sinnoh,4
410,411,Bastiodon,13,1495,,Shieldon,60,52,168,47,138,30,rock,steel,Sinnoh,4
411,412,Burmy,2,34,,,40,29,45,29,45,36,bug,,Sinnoh,4
412,413,Wormadam-Plant,5,65,,,60,59,85,79,105,36,bug,grass,Sinnoh,4
413,414,Mothim,9,233,,Burmy,70,94,50,94,50,66,bug,flying,Sinnoh,4
414,415,Combee,3,55,,,30,30,42,30,42,70,bug,flying,Sinnoh,4
415,416,Vespiquen,12,385,,Combee,70,80,102,80,102,40,bug,flying,Sinnoh,4
416,417,Pachirisu,4,39,,,60,45,70,45,90,95,electric,,Sinnoh,4
417,418,Buizel,7,295,,,55,65,35,60,30,85,water,,Sinnoh,4
418,419,Floatzel,11,335,,Buizel,85,105,55,85,50,115,water,,Sinnoh,4
419,420,Cherubi,4,33,,,45,35,45,62,53,35,grass,,Sinnoh,4
420,421,Cherrim,5,93,,Cherubi,70,60,70,87,78,85,grass,,Sinnoh,4
421,422,Shellos,3,63,,,76,48,48,57,62,34,water,,Sinnoh,4
422,423,Gastrodon,9,299,,Shellos,111,83,68,92,82,39,water,ground,Sinnoh,4
423,424,Ambipom,12,203,,Aipom,75,100,66,60,66,115,normal,,Sinnoh,4
424,425,Drifloon,4,12,,,90,50,34,60,44,70,ghost,flying,Sinnoh,4
425,426,Drifblim,12,150,,Drifloon,150,80,44,90,54,80,ghost,flying,Sinnoh,4
426,427,Buneary,4,55,,,55,66,44,44,56,85,normal,,Sinnoh,4
427,428,Lopunny,12,333,,Buneary,65,76,84,54,96,105,normal,,Sinnoh,4
428,429,Mismagius,9,44,,Misdreavus,60,60,60,105,105,105,ghost,,Sinnoh,4
429,430,Honchkrow,9,273,,Murkrow,100,125,52,105,52,71,dark,flying,Sinnoh,4
430,431,Glameow,5,39,,,49,55,42,42,37,85,normal,,Sinnoh,4
431,432,Purugly,10,438,,Glameow,71,82,64,64,59,112,normal,,Sinnoh,4
432,433,Chingling,2,6,,,45,30,50,65,50,45,psychic,,Sinnoh,4
433,434,Stunky,4,192,,,63,63,47,41,41,74,poison,dark,Sinnoh,4
434,435,Skuntank,10,380,,Stunky,103,93,67,71,61,84,poison,dark,Sinnoh,4
435,436,Bronzor,5,605,,,57,24,86,24,86,23,steel,psychic,Sinnoh,4
436,437,Bronzong,13,1870,,Bronzor,67,89,116,79,116,33,steel,psychic,Sinnoh,4
437,438,Bonsly,5,150,,,50,80,95,10,45,10,rock,,Sinnoh,4
438,439,Mime-Jr,6,130,,,20,25,45,70,90,60,psychic,fairy,Sinnoh,4
439,440,Happiny,6,244,,,100,5,5,15,65,30,normal,,Sinnoh,4
440,441,Chatot,5,19,,,76,65,45,92,42,91,normal,flying,Sinnoh,4
441,442,Spiritomb,10,1080,,,50,92,108,92,108,35,ghost,dark,Sinnoh,4
442,443,Gible,7,205,,,58,70,45,40,45,42,dragon,ground,Sinnoh,4
443,444,Gabite,14,560,,Gible,68,90,65,50,55,82,dragon,ground,Sinnoh,4
444,445,Garchomp,19,950,,Gabite,108,130,95,80,85,102,dragon,ground,Sinnoh,4
445,446,Munchlax,6,1050,,,135,85,40,40,85,5,normal,,Sinnoh,4
446,447,Riolu,7,202,,,40,70,40,35,40,60,fighting,,Sinnoh,4
447,448,Lucario,12,540,,Riolu,70,110,70,115,70,90,fighting,steel,Sinnoh,4
448,449,Hippopotas,8,495,,,68,72,78,38,42,32,ground,,Sinnoh,4
449,450,Hippowdon,20,3000,,Hippopotas,108,112,118,68,72,47,ground,,Sinnoh,4
450,451,Skorupi,8,120,,,40,50,90,30,55,65,poison,bug,Sinnoh,4
451,452,Drapion,13,615,,Skorupi,70,90,110,60,75,95,poison,dark,Sinnoh,4
452,453,Croagunk,7,230,,,48,61,40,61,40,50,poison,fighting,Sinnoh,4
453,454,Toxicroak,13,444,,Croagunk,83,106,65,86,65,85,poison,fighting,Sinnoh,4
454,455,Carnivine,14,270,,,74,100,72,90,72,46,grass,,Sinnoh,4
455,456,Finneon,4,70,,,49,49,56,49,61,66,water,,Sinnoh,4
456,457,Lumineon,12,240,,Finneon,69,69,76,69,86,91,water,,Sinnoh,4
457,458,Mantyke,10,650,,,45,20,50,60,120,50,water,flying,Sinnoh,4
458,459,Snover,10,505,,,60,62,50,62,60,40,grass,ice,Sinnoh,4
459,460,Abomasnow,22,1355,,Snover,90,92,75,92,85,60,grass,ice,Sinnoh,4
460,461,Weavile,11,340,,Sneasel,70,120,65,45,85,125,dark,ice,Sinnoh,4
461,462,Magnezone,12,1800,,Magneton,70,70,115,130,90,60,electric,steel,Sinnoh,4
462,463,Lickilicky,17,1400,,Lickitung,110,85,95,80,95,50,normal,,Sinnoh,4
463,464,Rhyperior,24,2828,,Rhydon,115,140,130,55,55,40,ground,rock,Sinnoh,4
464,465,Tangrowth,20,1286,,Tangela,100,100,125,110,50,50,grass,,Sinnoh,4
465,466,Electivire,18,1386,,Electabuzz,75,123,67,95,85,95,electric,,Sinnoh,4
466,467,Magmortar,16,680,,Magmar,75,95,67,125,95,83,fire,,Sinnoh,4
467,468,Togekiss,15,380,,Togetic,85,50,95,120,115,80,fairy,flying,Sinnoh,4
468,469,Yanmega,19,515,,Yanma,86,76,86,116,56,95,bug,flying,Sinnoh,4
469,470,Leafeon,10,255,,Eevee,65,110,130,60,65,95,grass,,Sinnoh,4
470,471,Glaceon,8,259,,Eevee,65,60,110,130,95,65,ice,,Sinnoh,4
471,472,Gliscor,20,425,,Gligar,75,95,125,45,75,95,ground,flying,Sinnoh,4
472,473,Mamoswine,25,2910,,Piloswine,110,130,80,70,60,80,ice,ground,Sinnoh,4
473,474,Porygon-Z,9,340,,Porygon2,85,80,70,135,75,90,normal,,Sinnoh,4
474,475,Gallade,16,520,,Kirlia,68,125,65,65,115,80,psychic,fighting,Sinnoh,4
475,476,Probopass,14,3400,,Nosepass,60,55,145,75,150,40,rock,steel,Sinnoh,4
476,477,Dusknoir,22,1066,,Dusclops,45,100,135,65,135,45,ghost,,Sinnoh,4
477,478,Froslass,13,266,,Snorunt,70,80,70,80,70,110,ice,ghost,Sinnoh,4
478,479,Rotom,3,3,,,50,50,77,95,77,91,electric,ghost,Sinnoh,4
479,480,Uxie,3,3,,,75,75,130,75,130,95,psychic,,Sinnoh,4
480,481,Mesprit,3,3,,,80,105,105,105,105,80,psychic,,Sinnoh,4
481,482,Azelf,3,3,,,75,125,70,125,70,115,psychic,,Sinnoh,4
482,483,Dialga,54,6830,,,100,120,120,150,100,90,steel,dragon,Sinnoh,4
483,484,Palkia,42,3360,,,90,120,100,150,120,100,water,dragon,Sinnoh,4
484,485,Heatran,17,4300,,,91,90,106,130,106,77,fire,steel,Sinnoh,4
485,486,Regigigas,37,4200,,,110,160,110,80,110,100,normal,,Sinnoh,4
486,487,Giratina-Altered,45,7500,,,150,100,120,100,120,90,ghost,dragon,Sinnoh,4
487,488,Cresselia,15,856,,,120,70,120,75,130,85,psychic,,Sinnoh,4
488,489,Phione,4,31,,,80,80,80,80,80,80,water,,Sinnoh,4
489,490,Manaphy,3,14,,Phione,100,100,100,100,100,100,water,,Sinnoh,4
490,491,Darkrai,15,505,,,70,90,90,135,90,125,dark,,Sinnoh,4
491,492,Shaymin-Land,2,21,,,100,100,100,100,100,100,grass,,Sinnoh,4
492,493,Arceus,32,3200,,,120,120,120,120,120,120,normal,,Sinnoh,4
493,494,Victini,4,40,,,100,100,100,100,100,100,psychic,fire,Unova,5
494,495,Snivy,6,81,,,45,45,55,45,55,63,grass,,Unova,5
495,496,Servine,8,160,,Snivy,60,60,75,60,75,83,grass,,Unova,5
496,497,Serperior,33,630,,Servine,75,75,95,75,95,113,grass,,Unova,5
497,498,Tepig,5,99,,,65,63,45,45,45,45,fire,,Unova,5
498,499,Pignite,10,555,,Tepig,90,93,55,70,55,55,fire,fighting,Unova,5
499,500,Emboar,16,1500,,Pignite,110,123,65,100,65,65,fire,fighting,Unova,5
500,501,Oshawott,5,59,,,55,55,45,63,45,45,water,,Unova,5
501,502,Dewott,8,245,,Oshawott,75,75,60,83,60,60,water,,Unova,5
502,503,Samurott,15,946,,Dewott,95,100,85,108,70,70,water,,Unova,5
503,504,Patrat,5,116,,,45,55,39,35,39,42,normal,,Unova,5
504,505,Watchog,11,270,,Patrat,60,85,69,60,69,77,normal,,Unova,5
505,506,Lillipup,4,41,,,45,60,45,25,45,55,normal,,Unova,5
506,507,Herdier,9,147,,Lillipup,65,80,65,35,65,60,normal,,Unova,5
507,508,Stoutland,12,610,,Herdier,85,110,90,45,90,80,normal,,Unova,5
508,509,Purrloin,4,101,,,41,50,37,50,37,66,dark,,Unova,5
509,510,Liepard,11,375,,Purrloin,64,88,50,88,50,106,dark,,Unova,5
510,511,Pansage,6,105,,,50,53,48,53,48,64,grass,,Unova,5
511,512,Simisage,11,305,,Pansage,75,98,63,98,63,101,grass,,Unova,5
512,513,Pansear,6,110,,,50,53,48,53,48,64,fire,,Unova,5
513,514,Simisear,10,280,,Pansear,75,98,63,98,63,101,fire,,Unova,5
514,515,Panpour,6,135,,,50,53,48,53,48,64,water,,Unova,5
515,516,Simipour,10,290,,Panpour,75,98,63,98,63,101,water,,Unova,5
516,517,Munna,6,233,,,76,25,45,67,55,24,psychic,,Unova,5
517,518,Musharna,11,605,,Munna,116,55,85,107,95,29,psychic,,Unova,5
518,519,Pidove,3,21,,,50,55,50,36,30,43,normal,flying,Unova,5
519,520,Tranquill,6,150,,Pidove,62,77,62,50,42,65,normal,flying,Unova,5
520,521,Unfezant,12,290,,Tranquill,80,115,80,65,55,93,normal,flying,Unova,5
521,522,Blitzle,8,298,,,45,60,32,50,32,76,electric,,Unova,5
522,523,Zebstrika,16,795,,Blitzle,75,100,63,80,63,116,electric,,Unova,5
523,524,Roggenrola,4,180,,,55,75,85,25,25,15,rock,,Unova,5
524,525,Boldore,9,1020,,Roggenrola,70,105,105,50,40,20,rock,,Unova,5
525,526,Gigalith,17,2600,,Boldore,85,135,130,60,80,25,rock,,Unova,5
526,527,Woobat,4,21,,,65,45,43,55,43,72,psychic,flying,Unova,5
527,528,Swoobat,9,105,,Woobat,67,57,55,77,55,114,psychic,flying,Unova,5
528,529,Drilbur,3,85,,,60,85,40,30,45,68,ground,,Unova,5
529,530,Excadrill,7,404,,Drilbur,110,135,60,50,65,88,ground,steel,Unova,5
530,531,Audino,11,310,,,103,60,86,60,86,50,normal,,Unova,5
531,532,Timburr,6,125,,,75,80,55,25,35,35,fighting,,Unova,5
532,533,Gurdurr,12,400,,Timburr,85,105,85,40,50,40,fighting,,Unova,5
533,534,Conkeldurr,14,870,,Gurdurr,105,140,95,55,65,45,fighting,,Unova,5
534,535,Tympole,5,45,,,50,50,40,50,40,64,water,,Unova,5
535,536,Palpitoad,8,170,,Tympole,75,65,55,65,55,69,water,ground,Unova,5
536,537,Seismitoad,15,620,,Palpitoad,105,95,75,85,75,74,water,ground,Unova,5
537,538,Throh,13,555,,,120,100,85,30,85,45,fighting,,Unova,5
538,539,Sawk,14,510,,,75,125,75,30,75,85,fighting,,Unova,5
539,540,Sewaddle,3,25,,,45,53,70,40,60,42,bug,grass,Unova,5
540,541,Swadloon,5,73,,Sewaddle,55,63,90,50,80,42,bug,grass,Unova,5
541,542,Leavanny,12,205,,Swadloon,75,103,80,70,80,92,bug,grass,Unova,5
542,543,Venipede,4,53,,,30,45,59,30,39,57,bug,poison,Unova,5
543,544,Whirlipede,12,585,,Venipede,40,55,99,40,79,47,bug,poison,Unova,5
544,545,Scolipede,25,2005,,Whirlipede,60,100,89,55,69,112,bug,poison,Unova,5
545,546,Cottonee,3,6,,,40,27,60,37,50,66,grass,fairy,Unova,5
546,547,Whimsicott,7,66,,Cottonee,60,67,85,77,75,116,grass,fairy,Unova,5
547,548,Petilil,5,66,,,45,35,50,70,50,30,grass,,Unova,5
548,549,Lilligant,11,163,,Petilil,70,60,75,110,75,90,grass,,Unova,5
549,550,Basculin-Red-Striped,10,180,,,70,92,65,80,55,98,water,,Unova,5
550,551,Sandile,7,152,,,50,72,35,35,35,65,ground,dark,Unova,5
551,552,Krokorok,10,334,,Sandile,60,82,45,45,45,74,ground,dark,Unova,5
552,553,Krookodile,15,963,,Krokorok,95,117,80,65,70,92,ground,dark,Unova,5
553,554,Darumaka,6,375,,,70,90,45,15,45,50,fire,,Unova,5
554,555,Darmanitan-Standard,13,929,,,105,140,55,30,55,95,fire,,Unova,5
555,556,Maractus,10,280,,,75,86,67,106,67,60,grass,,Unova,5
556,557,Dwebble,3,145,,,50,65,85,35,35,55,bug,rock,Unova,5
557,558,Crustle,14,2000,,Dwebble,70,105,125,65,75,45,bug,rock,Unova,5
558,559,Scraggy,6,118,,,50,75,70,35,70,48,dark,fighting,Unova,5
559,560,Scrafty,11,300,,Scraggy,65,90,115,45,115,58,dark,fighting,Unova,5
560,561,Sigilyph,14,140,,,72,58,80,103,80,97,psychic,flying,Unova,5
561,562,Yamask,5,15,,,38,30,85,55,65,30,ghost,,Unova,5
562,563,Cofagrigus,17,765,,Yamask,58,50,145,95,105,30,ghost,,Unova,5
563,564,Tirtouga,7,165,,,54,78,103,53,45,22,water,rock,Unova,5
564,565,Carracosta,12,810,,Tirtouga,74,108,133,83,65,32,water,rock,Unova,5
565,566,Archen,5,95,,,55,112,45,74,45,70,rock,flying,Unova,5
566,567,Archeops,14,320,,Archen,75,140,65,112,65,110,rock,flying,Unova,5
567,568,Trubbish,6,310,,,50,50,62,40,62,65,poison,,Unova,5
568,569,Garbodor,19,1073,,Trubbish,80,95,82,60,82,75,poison,,Unova,5
569,570,Zorua,7,125,,,40,65,40,80,40,65,dark,,Unova,5
570,571,Zoroark,16,811,,Zorua,60,105,60,120,60,105,dark,,Unova,5
571,572,Minccino,4,58,,,55,50,40,40,40,75,normal,,Unova,5
572,573,Cinccino,5,75,,Minccino,75,95,60,65,60,115,normal,,Unova,5
573,574,Gothita,4,58,,,45,30,50,55,65,45,psychic,,Unova,5
574,575,Gothorita,7,180,,Gothita,60,45,70,75,85,55,psychic,,Unova,5
575,576,Gothitelle,15,440,,Gothorita,70,55,95,95,110,65,psychic,,Unova,5
576,577,Solosis,3,10,,,45,30,40,105,50,20,psychic,,Unova,5
577,578,Duosion,6,80,,Solosis,65,40,50,125,60,30,psychic,,Unova,5
578,579,Reuniclus,10,201,,Duosion,110,65,75,125,85,30,psychic,,Unova,5
579,580,Ducklett,5,55,,,62,44,50,44,50,55,water,flying,Unova,5
580,581,Swanna,13,242,,Ducklett,75,87,63,87,63,98,water,flying,Unova,5
581,582,Vanillite,4,57,,,36,50,50,65,60,44,ice,,Unova,5
582,583,Vanillish,11,410,,Vanillite,51,65,65,80,75,59,ice,,Unova,5
583,584,Vanilluxe,13,575,,Vanillish,71,95,85,110,95,79,ice,,Unova,5
584,585,Deerling,6,195,,,60,60,50,40,50,75,normal,grass,Unova,5
585,586,Sawsbuck,19,925,,Deerling,80,100,70,60,70,95,normal,grass,Unova,5
586,587,Emolga,4,50,,,55,75,60,75,60,103,electric,flying,Unova,5
587,588,Karrablast,5,59,,,50,75,45,40,45,60,bug,,Unova,5
588,589,Escavalier,10,330,,Karrablast,70,135,105,60,105,20,bug,steel,Unova,5
589,590,Foongus,2,10,,,69,55,45,55,55,15,grass,poison,Unova,5
590,591,Amoonguss,6,105,,Foongus,114,85,70,85,80,30,grass,poison,Unova,5
591,592,Frillish,12,330,,,55,40,50,65,85,40,water,ghost,Unova,5
592,593,Jellicent,22,1350,,Frillish,100,60,70,85,105,60,water,ghost,Unova,5
593,594,Alomomola,12,316,,,165,75,80,40,45,65,water,,Unova,5
594,595,Joltik,1,6,,,50,47,50,57,50,65,bug,electric,Unova,5
595,596,Galvantula,8,143,,Joltik,70,77,60,97,60,108,bug,electric,Unova,5
596,597,Ferroseed,6,188,,,44,50,91,24,86,10,grass,steel,Unova,5
597,598,Ferrothorn,10,1100,,Ferroseed,74,94,131,54,116,20,grass,steel,Unova,5
598,599,Klink,3,210,,,40,55,70,45,60,30,steel,,Unova,5
599,600,Klang,6,510,,Klink,60,80,95,70,85,50,steel,,Unova,5
600,601,Klinklang,6,810,,Klang,60,100,115,70,85,90,steel,,Unova,5
601,602,Tynamo,2,3,,,35,55,40,45,40,60,electric,,Unova,5
602,603,Eelektrik,12,220,,Tynamo,65,85,70,75,70,40,electric,,Unova,5
603,604,Eelektross,21,805,,Eelektrik,85,115,80,105,80,50,electric,,Unova,5
604,605,Elgyem,5,90,,,55,55,55,85,55,30,psychic,,Unova,5
605,606,Beheeyem,10,345,,Elgyem,75,75,75,125,95,40,psychic,,Unova,5
606,607,Litwick,3,31,,,50,30,55,65,55,20,ghost,fire,Unova,5
607,608,Lampent,6,130,,Litwick,60,40,60,95,60,55,ghost,fire,Unova,5
608,609,Chandelure,10,343,,Lampent,60,55,90,145,90,80,ghost,fire,Unova,5
609,610,Axew,6,180,,,46,87,60,30,40,57,dragon,,Unova,5
610,611,Fraxure,10,360,,Axew,66,117,70,40,50,67,dragon,,Unova,5
611,612,Haxorus,18,1055,,Fraxure,76,147,90,60,70,97,dragon,,Unova,5
612,613,Cubchoo,5,85,,,55,70,40,60,40,40,ice,,Unova,5
613,614,Beartic,26,2600,,Cubchoo,95,130,80,70,80,50,ice,,Unova,5
614,615,Cryogonal,11,1480,,,80,50,50,95,135,105,ice,,Unova,5
615,616,Shelmet,4,77,,,50,40,85,40,65,25,bug,,Unova,5
616,617,Accelgor,8,253,,Shelmet,80,70,40,100,60,145,bug,,Unova,5
617,618,Stunfisk,7,110,,,109,66,84,81,99,32,ground,electric,Unova,5
618,619,Mienfoo,9,200,,,45,85,50,55,50,65,fighting,,Unova,5
619,620,Mienshao,14,355,,Mienfoo,65,125,60,95,60,105,fighting,,Unova,5
620,621,Druddigon,16,1390,,,77,120,90,60,90,48,dragon,,Unova,5
621,622,Golett,10,920,,,59,74,50,35,50,35,ground,ghost,Unova,5
622,623,Golurk,28,3300,,Golett,89,124,80,55,80,55,ground,ghost,Unova,5
623,624,Pawniard,5,102,,,45,85,70,40,40,60,dark,steel,Unova,5
624,625,Bisharp,16,700,,Pawniard,65,125,100,60,70,70,dark,steel,Unova,5
625,626,Bouffalant,16,946,,,95,110,95,40,95,55,normal,,Unova,5
626,627,Rufflet,5,105,,,70,83,50,37,50,60,normal,flying,Unova,5
627,628,Braviary,15,410,,Rufflet,100,123,75,57,75,80,normal,flying,Unova,5
628,629,Vullaby,5,90,,,70,55,75,45,65,60,dark,flying,Unova,5
629,630,Mandibuzz,12,395,,Vullaby,110,65,105,55,95,80,dark,flying,Unova,5
630,631,Heatmor,14,580,,,85,97,66,105,66,65,fire,,Unova,5
631,632,Durant,3,330,,,58,109,112,48,48,109,bug,steel,Unova,5
632,633,Deino,8,173,,,52,65,50,45,50,38,dark,dragon,Unova,5
633,634,Zweilous,14,500,,Deino,72,85,70,65,70,58,dark,dragon,Unova,5
634,635,Hydreigon,18,1600,,Zweilous,92,105,90,125,90,98,dark,dragon,Unova,5
635,636,Larvesta,11,288,,,55,85,55,50,55,60,bug,fire,Unova,5
636,637,Volcarona,16,460,,Larvesta,85,60,65,135,105,100,bug,fire,Unova,5
637,638,Cobalion,21,2500,,,91,90,129,90,72,108,steel,fighting,Unova,5
638,639,Terrakion,19,2600,,,91,129,90,72,90,108,rock,fighting,Unova,5
639,640,Virizion,20,2000,,,91,90,72,90,129,108,grass,fighting,Unova,5
640,641,Tornadus-Incarnate,15,630,,,79,115,70,125,80,111,flying,,Unova,5
641,642,Thundurus-Incarnate,15,610,,,79,115,70,125,80,111,electric,flying,Unova,5
642,643,Reshiram,32,3300,,,100,120,100,150,120,90,dragon,fire,Unova,5
643,644,Zekrom,29,3450,,,100,150,120,120,100,90,dragon,electric,Unova,5
644,645,Landorus-Incarnate,15,680,,,89,125,90,115,80,101,ground,flying,Unova,5
645,646,Kyurem,30,3250,,,125,130,90,130,90,95,dragon,ice,Unova,5
646,647,Keldeo-Ordinary,14,485,,,91,72,90,129,90,108,water,fighting,Unova,5
647,648,Meloetta-Aria,6,65,,,100,77,77,128,128,90,normal,psychic,Unova,5
648,649,Genesect,15,825,,,71,120,95,120,95,99,bug,steel,Unova,5
649,650,Chespin,4,90,,,56,61,65,48,45,38,grass,,Kalos,6
650,651,Quilladin,7,290,,Chespin,61,78,95,56,58,57,grass,,Kalos,6
651,652,Chesnaught,16,900,,Quilladin,88,107,122,74,75,64,grass,fighting,Kalos,6
652,653,Fennekin,4,94,,,40,45,40,62,60,60,fire,,Kalos,6
653,654,Braixen,10,145,,Fennekin,59,59,58,90,70,73,fire,,Kalos,6
654,655,Delphox,15,390,,Braixen,75,69,72,114,100,104,fire,psychic,Kalos,6
655,656,Froakie,3,70,,,41,56,40,62,44,71,water,,Kalos,6
656,657,Frogadier,6,109,,Froakie,54,63,52,83,56,97,water,,Kalos,6
657,658,Greninja,15,400,,Frogadier,72,95,67,103,71,122,water,dark,Kalos,6
658,659,Bunnelby,4,50,,,38,36,38,32,36,57,normal,,Kalos,6
659,660,Diggersby,10,424,,Bunnelby,85,56,77,50,77,78,normal,ground,Kalos,6
660,661,Fletchling,3,17,,,45,50,43,40,38,62,normal,flying,Kalos,6
661,662,Fletchinder,7,160,,Fletchling,62,73,55,56,52,84,fire,flying,Kalos,6
662,663,Talonflame,12,245,,Fletchinder,78,81,71,74,69,126,fire,flying,Kalos,6
663,664,Scatterbug,3,25,,,38,35,40,27,25,35,bug,,Kalos,6
664,665,Spewpa,3,84,,Scatterbug,45,22,60,27,30,29,bug,,Kalos,6
665,666,Vivillon,12,170,,Spewpa,80,52,50,90,50,89,bug,flying,Kalos,6
666,667,Litleo,6,135,,,62,50,58,73,54,72,fire,normal,Kalos,6
667,668,Pyroar,15,815,,Litleo,86,68,72,109,66,106,fire,normal,Kalos,6
668,669,Flabebe,1,1,,,44,38,39,61,79,42,fairy,,Kalos,6
669,670,Floette,2,9,,Flabebe,54,45,47,75,98,52,fairy,,Kalos,6
670,671,Florges,11,100,,Floette,78,65,68,112,154,75,fairy,,Kalos,6
671,672,Skiddo,9,310,,,66,65,48,62,57,52,grass,,Kalos,6
672,673,Gogoat,17,910,,Skiddo,123,100,62,97,81,68,grass,,Kalos,6
673,674,Pancham,6,80,,,67,82,62,46,48,43,fighting,,Kalos,6
674,675,Pangoro,21,1360,,Pancham,95,124,78,69,71,58,fighting,dark,Kalos,6
675,676,Furfrou,12,280,,,75,80,60,65,90,102,normal,,Kalos,6
676,677,Espurr,3,35,,,62,48,54,63,60,68,psychic,,Kalos,6
677,678,Meowstic-Male,6,85,,,74,48,76,83,81,104,psychic,,Kalos,6
678,679,Honedge,8,20,,,45,80,100,35,37,28,steel,ghost,Kalos,6
679,680,Doublade,8,45,,Honedge,59,110,150,45,49,35,steel,ghost,Kalos,6
680,681,Aegislash-Shield,17,530,,,60,50,140,50,140,60,steel,ghost,Kalos,6
681,682,Spritzee,2,5,,,78,52,60,63,65,23,fairy,,Kalos,6
682,683,Aromatisse,8,155,,Spritzee,101,72,72,99,89,29,fairy,,Kalos,6
683,684,Swirlix,4,35,,,62,48,66,59,57,49,fairy,,Kalos,6
684,685,Slurpuff,8,50,,Swirlix,82,80,86,85,75,72,fairy,,Kalos,6
685,686,Inkay,4,35,,,53,54,53,37,46,45,dark,psychic,Kalos,6
686,687,Malamar,15,470,,Inkay,86,92,88,68,75,73,dark,psychic,Kalos,6
687,688,Binacle,5,310,,,42,52,67,39,56,50,rock,water,Kalos,6
688,689,Barbaracle,13,960,,Binacle,72,105,115,54,86,68,rock,water,Kalos,6
689,690,Skrelp,5,73,,,50,60,60,60,60,30,poison,water,Kalos,6
690,691,Dragalge,18,815,,Skrelp,65,75,90,97,123,44,poison,dragon,Kalos,6
691,692,Clauncher,5,83,,,50,53,62,58,63,44,water,,Kalos,6
692,693,Clawitzer,13,353,,Clauncher,71,73,88,120,89,59,water,,Kalos,6
693,694,Helioptile,5,60,,,44,38,33,61,43,70,electric,normal,Kalos,6
694,695,Heliolisk,10,210,,Helioptile,62,55,52,109,94,109,electric,normal,Kalos,6
695,696,Tyrunt,8,260,,,58,89,77,45,45,48,rock,dragon,Kalos,6
696,697,Tyrantrum,25,2700,,Tyrunt,82,121,119,69,59,71,rock,dragon,Kalos,6
697,698,Amaura,13,252,,,77,59,50,67,63,46,rock,ice,Kalos,6
698,699,Aurorus,27,2250,,Amaura,123,77,72,99,92,58,rock,ice,Kalos,6
699,700,Sylveon,10,235,,Eevee,95,65,65,110,130,60,fairy,,Kalos,6
700,701,Hawlucha,8,215,,,78,92,75,74,63,118,fighting,flying,Kalos,6
701,702,Dedenne,2,22,,,67,58,57,81,67,101,electric,fairy,Kalos,6
702,703,Carbink,3,57,,,50,50,150,50,150,50,rock,fairy,Kalos,6
703,704,Goomy,3,28,,,45,50,35,55,75,40,dragon,,Kalos,6
704,705,Sliggoo,8,175,,Goomy,68,75,53,83,113,60,dragon,,Kalos,6
705,706,Goodra,20,1505,,Sliggoo,90,100,70,110,150,80,dragon,,Kalos,6
706,707,Klefki,2,30,,,57,80,91,80,87,75,steel,fairy,Kalos,6
707,708,Phantump,4,70,,,43,70,48,50,60,38,ghost,grass,Kalos,6
708,709,Trevenant,15,710,,Phantump,85,110,76,65,82,56,ghost,grass,Kalos,6
709,710,Pumpkaboo-Average,4,50,,,49,66,70,44,55,51,ghost,grass,Kalos,6
710,711,Gourgeist-Average,9,125,,,65,90,122,58,75,84,ghost,grass,Kalos,6
711,712,Bergmite,10,995,,,55,69,85,32,35,28,ice,,Kalos,6
712,713,Avalugg,20,5050,,Bergmite,95,117,184,44,46,28,ice,,Kalos,6
713,714,Noibat,5,80,,,40,30,35,45,40,55,flying,dragon,Kalos,6
714,715,Noivern,15,850,,Noibat,85,70,80,97,80,123,flying,dragon,Kalos,6
715,716,Xerneas,30,2150,,,126,131,95,131,98,99,fairy,,Kalos,6
716,717,Yveltal,58,2030,,,126,131,95,131,98,99,dark,flying,Kalos,6
717,718,Zygarde-50,50,3050,,,108,100,121,81,95,95,dragon,ground,Kalos,6
718,719,Diancie,7,88,,,50,100,150,100,150,50,rock,fairy,Kalos,6
719,720,Hoopa,5,90,,,80,110,60,150,130,70,psychic,ghost,Kalos,6
720,721,Volcanion,17,1950,,,80,110,120,130,90,70,fire,water,Kalos,6
721,722,Rowlet,3,15,,,68,55,55,50,50,42,grass,flying,Alola,7
722,723,Dartrix,7,160,,Rowlet,78,75,75,70,70,52,grass,flying,Alola,7
723,724,Decidueye,16,366,,Dartrix,78,107,75,100,100,70,grass,ghost,Alola,7
724,725,Litten,4,43,,,45,65,40,60,40,70,fire,,Alola,7
725,726,Torracat,7,250,,Litten,65,85,50,80,50,90,fire,,Alola,7
726,727,Incineroar,18,830,,Torracat,95,115,90,80,90,60,fire,dark,Alola,7
727,728,Popplio,4,75,,,50,54,54,66,56,40,water,,Alola,7
728,729,Brionne,6,175,,Popplio,60,69,69,91,81,50,water,,Alola,7
729,730,Primarina,18,440,,Brionne,80,74,74,126,116,60,water,fairy,Alola,7
730,731,Pikipek,3,12,,,35,75,30,30,30,65,normal,flying,Alola,7
731,732,Trumbeak,6,148,,Pikipek,55,85,50,40,50,75,normal,flying,Alola,7
732,733,Toucannon,11,260,,Trumbeak,80,120,75,75,75,60,normal,flying,Alola,7
733,734,Yungoos,4,60,,,48,70,30,30,30,45,normal,,Alola,7
734,735,Gumshoos,7,142,,Yungoos,88,110,60,55,60,45,normal,,Alola,7
735,736,Grubbin,4,44,,,47,62,45,55,45,46,bug,,Alola,7
736,737,Charjabug,5,105,,Grubbin,57,82,95,55,75,36,bug,electric,Alola,7
737,738,Vikavolt,15,450,,Charjabug,77,70,90,145,75,43,bug,electric,Alola,7
738,739,Crabrawler,6,70,,,47,82,57,42,47,63,fighting,,Alola,7
739,740,Crabominable,17,1800,,Crabrawler,97,132,77,62,67,43,fighting,ice,Alola,7
740,741,Oricorio-Baile,6,34,,,75,70,70,98,70,93,fire,flying,Alola,7
741,742,Cutiefly,1,2,,,40,45,40,55,40,84,bug,fairy,Alola,7
742,743,Ribombee,2,5,,Cutiefly,60,55,60,95,70,124,bug,fairy,Alola,7
743,744,Rockruff,5,92,,,45,65,40,30,40,60,rock,,Alola,7
744,745,Lycanroc-Midday,8,250,,,75,115,65,55,65,112,rock,,Alola,7
745,746,Wishiwashi-Solo,2,3,,,45,20,20,25,25,40,water,,Alola,7
746,747,Mareanie,4,80,,,50,53,62,43,52,45,poison,water,Alola,7
747,748,Toxapex,7,145,,Mareanie,50,63,152,53,142,35,poison,water,Alola,7
748,749,Mudbray,10,1100,,,70,100,70,45,55,45,ground,,Alola,7
749,750,Mudsdale,25,9200,,Mudbray,100,125,100,55,85,35,ground,,Alola,7
750,751,Dewpider,3,40,,,38,40,52,40,72,27,water,bug,Alola,7
751,752,Araquanid,18,820,,Dewpider,68,70,92,50,132,42,water,bug,Alola,7
752,753,Fomantis,3,15,,,40,55,35,50,35,35,grass,,Alola,7
753,754,Lurantis,9,185,,Fomantis,70,105,90,80,90,45,grass,,Alola,7
754,755,Morelull,2,15,,,40,35,55,65,75,15,grass,fairy,Alola,7
755,756,Shiinotic,10,115,,Morelull,60,45,80,90,100,30,grass,fairy,Alola,7
756,757,Salandit,6,48,,,48,44,40,71,40,77,poison,fire,Alola,7
757,758,Salazzle,12,222,,Salandit,68,64,60,111,60,117,poison,fire,Alola,7
758,759,Stufful,5,68,,,70,75,50,45,50,50,normal,fighting,Alola,7
759,760,Bewear,21,1350,,Stufful,120,125,80,55,60,60,normal,fighting,Alola,7
760,761,Bounsweet,3,32,,,42,30,38,30,38,32,grass,,Alola,7
761,762,Steenee,7,82,,Bounsweet,52,40,48,40,48,62,grass,,Alola,7
762,763,Tsareena,12,214,,Steenee,72,120,98,50,98,72,grass,,Alola,7
763,764,Comfey,1,3,,,51,52,90,82,110,100,fairy,,Alola,7
764,765,Oranguru,15,760,,,90,60,80,90,110,60,normal,psychic,Alola,7
765,766,Passimian,20,828,,,100,120,90,40,60,80,fighting,,Alola,7
766,767,Wimpod,5,120,,,25,35,40,20,30,80,bug,water,Alola,7
767,768,Golisopod,20,1080,,Wimpod,75,125,140,60,90,40,bug,water,Alola,7
768,769,Sandygast,5,700,,,55,55,80,70,45,15,ghost,ground,Alola,7
769,770,Palossand,13,2500,,Sandygast,85,75,110,100,75,35,ghost,ground,Alola,7
770,771,Pyukumuku,3,12,,,55,60,130,30,130,5,water,,Alola,7
771,772,Type-Null,19,1205,,,95,95,95,95,95,59,normal,,Alola,7
772,773,Silvally,23,1005,,Type-Null,95,95,95,95,95,95,normal,,Alola,7
773,774,Minior-Red-Meteor,3,400,,,60,60,100,60,100,60,rock,flying,Alola,7
774,775,Komala,4,199,,,65,115,65,75,95,65,normal,,Alola,7
775,776,Turtonator,20,2120,,,60,78,135,91,85,36,fire,dragon,Alola,7
776,777,Togedemaru,3,33,,,65,98,63,40,73,96,electric,steel,Alola,7
777,778,Mimikyu-Disguised,2,7,,,55,90,80,50,105,96,ghost,fairy,Alola,7
778,779,Bruxish,9,190,,,68,105,70,70,70,92,water,psychic,Alola,7
779,780,Drampa,30,1850,,,78,60,85,135,91,36,normal,dragon,Alola,7
780,781,Dhelmise,39,2100,,,70,131,100,86,90,40,ghost,grass,Alola,7
781,782,Jangmo-O,6,297,,,45,55,65,45,45,45,dragon,,Alola,7
782,783,Hakamo-O,12,470,,Jangmo-O,55,75,90,65,70,65,dragon,fighting,Alola,7
783,784,Kommo-O,16,782,,Hakamo-O,75,110,125,100,105,85,dragon,fighting,Alola,7
784,785,Tapu-Koko,18,205,,,70,115,85,95,75,130,electric,fairy,Alola,7
785,786,Tapu-Lele,12,186,,,70,85,75,130,115,95,psychic,fairy,Alola,7
786,787,Tapu-Bulu,19,455,,,70,130,115,85,95,75,grass,fairy,Alola,7
787,788,Tapu-Fini,13,212,,,70,75,115,95,130,85,water,fairy,Alola,7
788,789,Cosmog,2,1,,,43,29,31,29,31,37,psychic,,Alola,7
789,790,Cosmoem,1,9999,,Cosmog,43,29,131,29,131,37,psychic,,Alola,7
790,791,Solgaleo,34,2300,,Cosmoem,137,137,107,113,89,97,psychic,steel,Alola,7
791,792,Lunala,40,1200,,Cosmoem,137,113,89,137,107,97,psychic,ghost,Alola,7
792,793,Nihilego,12,555,,,109,53,47,127,131,103,rock,poison,Alola,7
793,794,Buzzwole,24,3336,,,107,139,139,53,53,79,bug,fighting,Alola,7
794,795,Pheromosa,18,250,,,71,137,37,137,37,151,bug,fighting,Alola,7
795,796,Xurkitree,38,1000,,,83,89,71,173,71,83,electric,,Alola,7
796,797,Celesteela,92,9999,,,97,101,103,107,101,61,steel,flying,Alola,7
797,798,Kartana,3,1,,,59,181,131,59,31,109,grass,steel,Alola,7
798,799,Guzzlord,55,8880,,,223,101,53,97,53,43,dark,dragon,Alola,7
799,800,Necrozma,24,2300,,,97,107,101,127,89,79,psychic,,Alola,7
800,801,Magearna,10,805,,,80,95,115,130,115,65,steel,fairy,Alola,7
801,802,Marshadow,7,222,,,90,125,80,90,90,125,fighting,ghost,Alola,7
802,803,Poipole,6,18,,,67,73,67,73,67,73,poison,,Alola,7
803,804,Naganadel,36,1500,,Poipole,73,73,73,127,73,121,poison,dragon,Alola,7
804,805,Stakataka,55,8200,,,61,131,211,53,101,13,rock,steel,Alola,7
805,806,Blacephalon,18,130,,,53,127,53,151,79,107,fire,ghost,Alola,7
806,807,Zeraora,15,445,,,88,112,75,102,80,143,electric,,Alola,7
807,808,Meltan,2,80,,,46,65,65,55,35,34,steel,,Alola,7
808,809,Melmetal,25,8000,,,135,143,143,80,65,34,steel,,Alola,7
809,810,Grookey,3,50,,,50,65,50,40,40,65,grass,,Galar,8
810,811,Thwackey,7,140,,Grookey,70,85,70,55,60,80,grass,,Galar,8
811,812,Rillaboom,21,900,,Thwackey,100,125,90,60,70,85,grass,,Galar,8
812,813,Scorbunny,3,45,,,50,71,40,40,40,69,fire,,Galar,8
813,814,Raboot,6,90,,Scorbunny,65,86,60,55,60,94,fire,,Galar,8
814,815,Cinderace,14,330,,Raboot,80,116,75,65,75,119,fire,,Galar,8
815,816,Sobble,3,40,,,50,40,40,70,40,70,water,,Galar,8
816,817,Drizzile,7,115,,Sobble,65,60,55,95,55,90,water,,Galar,8
817,818,Inteleon,19,452,,Drizzile,70,85,65,125,65,120,water,,Galar,8
818,819,Skwovet,3,25,,,70,55,55,35,35,25,normal,,Galar,8
819,820,Greedent,6,60,,Skwovet,120,95,95,55,75,20,normal,,Galar,8
820,821,Rookidee,2,18,,,38,47,35,33,35,57,flying,,Galar,8
821,822,Corvisquire,8,160,,Rookidee,68,67,55,43,55,77,flying,,Galar,8
822,823,Corviknight,22,750,,Corvisquire,98,87,105,53,85,67,flying,steel,Galar,8
823,824,Blipbug,4,80,,,25,20,20,25,45,45,bug,,Galar,8
824,825,Dottler,4,195,,Blipbug,50,35,80,50,90,30,bug,psychic,Galar,8
825,826,Orbeetle,4,408,,Dottler,60,45,110,80,120,90,bug,psychic,Galar,8
826,827,Nickit,6,89,,,40,28,28,47,52,50,dark,,Galar,8
827,828,Thievul,12,199,,Nickit,70,58,58,87,92,90,dark,,Galar,8
828,829,Gossifleur,4,22,,,40,40,60,40,60,10,grass,,Galar,8
829,830,Eldegoss,5,25,,Gossifleur,60,50,90,80,120,60,grass,,Galar,8
830,831,Wooloo,6,60,,,42,40,55,40,45,48,normal,,Galar,8
831,832,Dubwool,13,430,,Wooloo,72,80,100,60,90,88,normal,,Galar,8
832,833,Chewtle,3,85,,,50,64,50,38,38,44,water,,Galar,8
833,834,Drednaw,10,1155,,Chewtle,90,115,90,48,68,74,water,rock,Galar,8
834,835,Yamper,3,135,,,59,45,50,40,50,26,electric,,Galar,8
835,836,Boltund,10,340,,Yamper,69,90,60,90,60,121,electric,,Galar,8
836,837,Rolycoly,3,120,,,30,40,50,40,50,30,rock,,Galar,8
837,838,Carkol,11,780,,Rolycoly,80,60,90,60,70,50,rock,fire,Galar,8
838,839,Coalossal,28,3105,,Carkol,110,80,120,80,90,30,rock,fire,Galar,8
839,840,Applin,2,5,,,40,40,80,40,40,20,grass,dragon,Galar,8
840,841,Flapple,3,10,,Applin,70,110,80,95,60,70,grass,dragon,Galar,8
841,842,Appletun,4,130,,Applin,110,85,80,100,80,30,grass,dragon,Galar,8
842,843,Silicobra,22,76,,,52,57,75,35,50,46,ground,,Galar,8
843,844,Sandaconda,38,655,,Silicobra,72,107,125,65,70,71,ground,,Galar,8
844,845,Cramorant,8,180,,,70,85,55,85,95,85,flying,water,Galar,8
845,846,Arrokuda,5,10,,,41,63,40,40,30,66,water,,Galar,8
846,847,Barraskewda,13,300,,Arrokuda,61,123,60,60,50,136,water,,Galar,8
847,848,Toxel,4,110,,,40,38,35,54,35,40,electric,poison,Galar,8
848,849,Toxtricity-Amped,16,400,,,75,98,70,114,70,75,electric,poison,Galar,8
849,850,Sizzlipede,7,10,,,50,65,45,50,50,45,fire,bug,Galar,8
850,851,Centiskorch,30,1200,,Sizzlipede,100,115,65,90,90,65,fire,bug,Galar,8
851,852,Clobbopus,6,40,,,50,68,60,50,50,32,fighting,,Galar,8
852,853,Grapploct,16,390,,Clobbopus,80,118,90,70,80,42,fighting,,Galar,8
853,854,Sinistea,1,2,,,40,45,45,74,54,50,ghost,,Galar,8
854,855,Polteageist,2,4,,Sinistea,60,65,65,134,114,70,ghost,,Galar,8
855,856,Hatenna,4,34,,,42,30,45,56,53,39,psychic,,Galar,8
856,857,Hattrem,6,48,,Hatenna,57,40,65,86,73,49,psychic,,Galar,8
857,858,Hatterene,21,51,,Hattrem,57,90,95,136,103,29,psychic,fairy,Galar,8
858,859,Impidimp,4,55,,,45,45,30,55,40,50,dark,fairy,Galar,8
859,860,Morgrem,8,125,,Impidimp,65,60,45,75,55,70,dark,fairy,Galar,8
860,861,Grimmsnarl,15,610,,Morgrem,95,120,65,95,75,60,dark,fairy,Galar,8
861,862,Obstagoon,16,460,,Linoone,93,90,101,60,81,95,dark,normal,Galar,8
862,863,Perrserker,8,280,,Meowth,70,110,100,50,60,50,steel,,Galar,8
863,864,Cursola,10,4,,Corsola,60,95,50,145,130,30,ghost,,Galar,8
864,865,Sirfetchd,8,1170,,Farfetchd,62,135,95,68,82,65,fighting,,Galar,8
865,866,Mr-Rime,15,582,,Mr-Mime,80,85,75,110,100,70,ice,psychic,Galar,8
866,867,Runerigus,16,666,,Yamask,58,95,145,50,105,30,ground,ghost,Galar,8
867,868,Milcery,2,3,,,45,40,40,50,61,34,fairy,,Galar,8
868,869,Alcremie,3,5,,Milcery,65,60,75,110,121,64,fairy,,Galar,8
869,870,Falinks,30,620,,,65,100,100,70,60,75,fighting,,Galar,8
870,871,Pincurchin,3,10,,,48,101,95,91,85,15,electric,,Galar,8
871,872,Snom,3,38,,,30,25,35,45,30,20,ice,bug,Galar,8
872,873,Frosmoth,13,420,,Snom,70,65,60,125,90,65,ice,bug,Galar,8
873,874,Stonjourner,25,5200,,,100,125,135,20,20,70,rock,,Galar,8
874,875,Eiscue-Ice,14,890,,,75,80,110,65,90,50,ice,,Galar,8
875,876,Indeedee-Male,9,280,,,60,65,55,105,95,95,psychic,normal,Galar,8
876,877,Morpeko-Full-Belly,3,30,,,58,95,58,70,58,97,electric,dark,Galar,8
877,878,Cufant,12,1000,,,72,80,49,40,49,40,steel,,Galar,8
878,879,Copperajah,30,6500,,Cufant,122,130,69,80,69,30,steel,,Galar,8
879,880,Dracozolt,18,1900,,,90,100,90,80,70,75,electric,dragon,Galar,8
880,881,Arctozolt,23,1500,,,90,100,90,90,80,55,electric,ice,Galar,8
881,882,Dracovish,23,2150,,,90,90,100,70,80,75,water,dragon,Galar,8
882,883,Arctovish,20,1750,,,90,90,100,80,90,55,water,ice,Galar,8
883,884,Duraludon,18,400,,,70,95,115,120,50,85,steel,dragon,Galar,8
884,885,Dreepy,5,20,,,28,60,30,40,30,82,dragon,ghost,Galar,8
885,886,Drakloak,14,110,,Dreepy,68,80,50,60,50,102,dragon,ghost,Galar,8
886,887,Dragapult,30,500,,Drakloak,88,120,75,100,75,142,dragon,ghost,Galar,8
887,888,Zacian,28,1100,,,92,130,115,80,115,138,fairy,,Galar,8
888,889,Zamazenta,29,2100,,,92,130,115,80,115,138,fighting,,Galar,8
889,890,Eternatus,200,9500,,,140,85,95,145,95,130,poison,dragon,Galar,8
890,891,Kubfu,6,120,,,60,90,60,53,50,72,fighting,,Galar,8
891,892,Urshifu-Single-Strike,19,1050,,,100,130,100,63,60,97,fighting,dark,Galar,8
892,893,Zarude,18,700,,,105,120,105,70,95,105,dark,grass,Galar,8
893,894,Regieleki,12,1450,,,80,100,50,100,50,200,electric,,Galar,8
894,895,Regidrago,21,2000,,,200,100,50,100,50,80,dragon,,Galar,8
895,896,Glastrier,22,8000,,,100,145,130,65,110,30,ice,,Galar,8
896,897,Spectrier,20,445,,,100,65,60,145,80,130,ghost,,Galar,8
897,898,Calyrex,11,77,,,100,80,80,80,80,80,psychic,grass,Galar,8
898,899,Wyrdeer,18,951,,Stantler,103,105,72,105,75,65,normal,psychic,Galar,8
899,900,Kleavor,18,890,,Scyther,70,135,95,45,70,85,bug,rock,Galar,8
900,901,Ursaluna,24,2900,,Ursaring,130,140,105,45,80,50,ground,normal,Galar,8
901,902,Basculegion-Male,30,1100,,,120,112,65,80,75,78,water,ghost,Galar,8
902,903,Sneasler,13,430,,Sneasel,80,130,60,40,80,120,fighting,poison,Galar,8
903,904,Overqwil,25,605,,Qwilfish,85,115,95,65,65,85,dark,poison,Galar,8
904,905,Enamorus-Incarnate,16,480,,,74,115,70,135,80,106,fairy,flying,Galar,8
905,906,Sprigatito,4,41,,,40,61,54,45,45,65,grass,,Paldea,9
906,907,Floragato,9,122,,Sprigatito,61,80,63,60,63,83,grass,,Paldea,9
907,908,Meowscarada,15,312,,Floragato,76,110,70,81,70,123,grass,dark,Paldea,9
908,909,Fuecoco,4,98,,,67,45,59,63,40,36,fire,,Paldea,9
909,910,Crocalor,10,307,,Fuecoco,81,55,78,90,58,49,fire,,Paldea,9
910,911,Skeledirge,16,3265,,Crocalor,104,75,100,110,75,66,fire,ghost,Paldea,9
911,912,Quaxly,5,61,,,55,65,45,50,45,50,water,,Paldea,9
912,913,Quaxwell,12,215,,Quaxly,70,85,65,65,60,65,water,,Paldea,9
913,914,Quaquaval,18,619,,Quaxwell,85,120,80,85,75,85,water,fighting,Paldea,9
914,915,Lechonk,5,102,,,54,45,40,35,45,35,normal,,Paldea,9
915,916,Oinkologne,10,1200,,Lechonk,110,100,75,59,80,65,normal,,Paldea,9
916,917,Tarountula,3,40,,,35,41,45,29,40,20,bug,,Paldea,9
917,918,Spidops,10,165,,Tarountula,60,79,92,52,86,35,bug,,Paldea,9
918,919,Nymble,2,10,,,33,46,40,21,25,45,bug,,Paldea,9
919,920,Lokix,10,175,,Nymble,71,102,78,52,55,92,bug,dark,Paldea,9
920,921,Pawmi,3,25,,,45,50,20,40,25,60,electric,,Paldea,9
921,922,Pawmo,4,65,,Pawmi,60,75,40,50,40,85,electric,fighting,Paldea,9
922,923,Pawmot,9,410,,Pawmo,70,115,70,70,60,105,electric,fighting,Paldea,9
923,924,Tandemaus,3,18,,,50,50,45,40,45,75,normal,,Paldea,9
924,925,Maushold,3,23,,Tandemaus,74,75,70,65,75,111,normal,,Paldea,9
925,926,Fidough,3,109,,,37,55,70,30,55,65,fairy,,Paldea,9
926,927,Dachsbun,5,149,,Fidough,57,80,115,50,80,95,fairy,,Paldea,9
927,928,Smoliv,3,65,,,41,35,45,58,51,30,grass,normal,Paldea,9
928,929,Dolliv,6,119,,Smoliv,52,53,60,78,78,33,grass,normal,Paldea,9
929,930,Arboliva,14,482,,Dolliv,78,69,90,125,109,39,grass,normal,Paldea,9
930,931,Squawkabilly,6,24,,,82,96,51,45,51,92,normal,flying,Paldea,9
931,932,Nacli,4,160,,,55,55,75,35,35,25,rock,,Paldea,9
932,933,Naclstack,6,1050,,Nacli,60,60,100,35,65,35,rock,,Paldea,9
933,934,Garganacl,23,2400,,Naclstack,100,100,130,45,90,35,rock,,Paldea,9
934,935,Charcadet,6,105,,,40,50,40,50,40,35,fire,,Paldea,9
935,936,Armarouge,15,850,,Charcadet,85,60,100,125,80,75,fire,psychic,Paldea,9
936,937,Ceruledge,16,620,,Charcadet,75,125,80,60,100,85,fire,ghost,Paldea,9
937,938,Tadbulb,3,4,,,61,31,41,59,35,45,electric,,Paldea,9
938,939,Bellibolt,12,1130,,Tadbulb,109,64,91,103,83,45,electric,,Paldea,9
939,940,Wattrel,4,36,,,40,40,35,55,40,70,electric,flying,Paldea,9
940,941,Kilowattrel,14,386,,Wattrel,70,70,60,105,60,125,electric,flying,Paldea,9
941,942,Maschiff,5,160,,,60,78,60,40,51,51,dark,,Paldea,9
942,943,Mabosstiff,11,610,,Maschiff,80,120,90,60,70,85,dark,,Paldea,9
943,944,Shroodle,2,7,,,40,65,35,40,35,75,poison,normal,Paldea,9
944,945,Grafaiai,7,272,,Shroodle,63,95,65,80,72,110,poison,normal,Paldea,9
945,946,Bramblin,6,6,,,40,65,30,45,35,60,grass,ghost,Paldea,9
946,947,Brambleghast,12,60,,Bramblin,55,115,70,80,70,90,grass,ghost,Paldea,9
947,948,Toedscool,9,330,,,40,40,35,50,100,70,ground,grass,Paldea,9
948,949,Toedscruel,19,580,,Toedscool,80,70,65,80,120,100,ground,grass,Paldea,9
949,950,Klawf,13,790,,,70,100,115,35,55,75,rock,,Paldea,9
950,951,Capsakid,3,30,,,50,62,40,62,40,50,grass,,Paldea,9
951,952,Scovillain,9,150,,Capsakid,65,108,65,108,65,75,grass,fire,Paldea,9
952,953,Rellor,2,10,,,41,50,60,31,58,30,bug,,Paldea,9
953,954,Rabsca,3,35,,Rellor,75,50,85,115,100,45,bug,psychic,Paldea,9
954,955,Flittle,2,15,,,30,35,30,55,30,75,psychic,,Paldea,9
955,956,Espathra,19,900,,Flittle,95,60,60,101,60,105,psychic,,Paldea,9
956,957,Tinkatink,4,89,,,50,45,45,35,64,58,fairy,steel,Paldea,9
957,958,Tinkatuff,7,591,,Tinkatink,65,55,55,45,82,78,fairy,steel,Paldea,9
958,959,Tinkaton,7,1128,,Tinkatuff,85,75,77,70,105,94,fairy,steel,Paldea,9
959,960,Wiglett,12,18,,,10,55,25,35,25,95,water,,Paldea,9
960,961,Wugtrio,12,54,,Wiglett,35,100,50,50,70,120,water,,Paldea,9
961,962,Bombirdier,15,429,,,70,103,85,60,85,82,flying,dark,Paldea,9
962,963,Finizen,13,602,,,70,45,40,45,40,75,water,,Paldea,9
963,964,Palafin,13,602,,Finizen,100,70,72,53,62,100,water,,Paldea,9
964,965,Varoom,10,350,,,45,70,63,30,45,47,steel,poison,Paldea,9
965,966,Revavroom,18,1200,,Varoom,80,119,90,54,67,90,steel,poison,Paldea,9
966,967,Cyclizar,16,630,,,70,95,65,85,65,121,dragon,normal,Paldea,9
967,968,Orthworm,25,3100,,,70,85,145,60,55,65,steel,,Paldea,9
968,969,Glimmet,7,80,,,48,35,42,105,60,60,rock,poison,Paldea,9
969,970,Glimmora,15,450,,Glimmet,83,55,90,130,81,86,rock,poison,Paldea,9
970,971,Greavard,6,350,,,50,61,60,30,55,34,ghost,,Paldea,9
971,972,Houndstone,20,150,,Greavard,72,101,100,50,97,68,ghost,,Paldea,9
972,973,Flamigo,16,370,,,82,115,74,75,64,90,flying,fighting,Paldea,9
973,974,Cetoddle,12,450,,,108,68,45,30,40,43,ice,,Paldea,9
974,975,Cetitan,45,7000,,Cetoddle,170,113,65,45,55,73,ice,,Paldea,9
975,976,Veluza,25,900,,,90,102,73,78,65,70,water,psychic,Paldea,9
976,977,Dondozo,120,2200,,,150,100,115,65,65,35,water,,Paldea,9
977,978,Tatsugiri,3,80,,,68,50,60,120,95,82,dragon,water,Paldea,9
978,979,Annihilape,12,560,,Primeape,110,115,80,50,90,90,fighting,ghost,Paldea,9
979,980,Clodsire,18,2230,,Wooper,130,75,60,45,100,20,poison,ground,Paldea,9
980,981,Farigiraf,32,1600,,Girafarig,120,90,70,110,70,60,normal,psychic,Paldea,9
981,982,Dudunsparce,36,392,,Dunsparce,125,100,80,85,75,55,normal,,Paldea,9
982,983,Kingambit,20,1200,,Bisharp,100,135,120,60,85,50,dark,steel,Paldea,9
983,984,Great-Tusk,22,3200,,,115,131,131,53,53,87,ground,fighting,Paldea,9
984,985,Scream-Tail,12,80,,,115,65,99,65,115,111,fairy,psychic,Paldea,9
985,986,Brute-Bonnet,12,210,,,111,127,99,79,99,55,grass,dark,Paldea,9
986,987,Flutter-Mane,14,40,,,55,55,55,135,135,135,ghost,fairy,Paldea,9
987,988,Slither-Wing,32,920,,,85,135,79,85,105,81,bug,fighting,Paldea,9
988,989,Sandy-Shocks,23,600,,,85,81,97,121,85,101,electric,ground,Paldea,9
989,990,Iron-Treads,9,2400,,,90,112,120,72,70,106,ground,steel,Paldea,9
990,991,Iron-Bundle,6,110,,,56,80,114,124,60,136,ice,water,Paldea,9
991,992,Iron-Hands,18,3807,,,154,140,108,50,68,50,fighting,electric,Paldea,9
992,993,Iron-Jugulis,13,1110,,,94,80,86,122,80,108,dark,flying,Paldea,9
993,994,Iron-Moth,12,360,,,80,70,60,140,110,110,fire,poison,Paldea,9
994,995,Iron-Thorns,16,3030,,,100,134,110,70,84,72,rock,electric,Paldea,9
995,996,Frigibax,5,170,,,65,75,45,35,45,55,dragon,ice,Paldea,9
996,997,Arctibax,8,300,,Frigibax,90,95,66,45,65,62,dragon,ice,Paldea,9
997,998,Baxcalibur,21,2100,,Arctibax,115,145,92,75,86,87,dragon,ice,Paldea,9
998,999,Gimmighoul,3,50,,,45,30,70,75,70,10,ghost,,Paldea,9
999,1000,Gholdengo,12,300,,Gimmighoul,87,60,95,133,91,84,steel,ghost,Paldea,9
1000,1001,Wo-Chien,15,742,,,85,85,100,95,135,70,dark,grass,Paldea,9
1001,1002,Chien-Pao,19,1522,,,80,120,80,90,65,135,dark,ice,Paldea,9
1002,1003,Ting-Lu,27,6997,,,155,110,125,55,80,45,dark,ground,Paldea,9
1003,1004,Chi-Yu,4,49,,,55,80,80,135,120,100,dark,fire,Paldea,9
1004,1005,Roaring-Moon,20,3800,,,105,139,71,55,101,119,dragon,dark,Paldea,9
1005,1006,Iron-Valiant,14,350,,,74,130,90,120,60,116,fairy,fighting,Paldea,9
1006,1007,Koraidon,25,3030,,,100,135,115,85,100,135,fighting,dragon,Paldea,9
1007,1008,Miraidon,35,2400,,,100,85,100,135,115,135,electric,dragon,Paldea,9
1008,1009,Walking-Wake,35,2800,,,99,83,91,125,83,109,water,dragon,Paldea,9
1009,1010,Iron-Leaves,15,1250,,,90,130,88,70,108,104,grass,psychic,Paldea,9
