id,name,height,weight,base-experience,hp,attack,defense,special-attack,special-defense,speed,primary-type,secondary-type
1,Bulbasaur,7,69,,45,49,49,65,65,45,grass,poison
2,Ivysaur,10,130,,60,62,63,80,80,60,grass,poison
3,Venusaur,20,1000,,80,82,83,100,100,80,grass,poison
4,Charmander,6,85,,39,52,43,60,50,65,fire,
5,Charmeleon,11,190,,58,64,58,80,65,80,fire,
6,Charizard,17,905,,78,84,78,109,85,100,fire,flying
7,Squirtle,5,90,,44,48,65,50,64,43,water,
8,Wartortle,10,225,,59,63,80,65,80,58,water,
9,Blastoise,16,855,,79,83,100,85,105,78,water,
10,Caterpie,3,29,,45,30,35,20,20,45,bug,
11,Metapod,7,99,,50,20,55,25,25,30,bug,
12,Butterfree,11,320,,60,45,50,90,80,70,bug,flying
13,Weedle,3,32,,40,35,30,20,20,50,bug,poison
14,Kakuna,6,100,,45,25,50,25,25,35,bug,poison
15,Beedrill,10,295,,65,90,40,45,80,75,bug,poison
16,Pidgey,3,18,,40,45,40,35,35,56,normal,flying
17,Pidgeotto,11,300,,63,60,55,50,50,71,normal,flying
18,Pidgeot,15,395,,83,80,75,70,70,101,normal,flying
19,Rattata,3,35,,30,56,35,25,35,72,normal,
20,Raticate,7,185,,55,81,60,50,70,97,normal,
21,Spearow,3,20,,40,60,30,31,31,70,normal,flying
22,Fearow,12,380,,65,90,65,61,61,100,normal,flying
23,Ekans,20,69,,35,60,44,40,54,55,poison,
24,Arbok,35,650,,60,95,69,65,79,80,poison,
25,Pikachu,4,60,,35,55,40,50,50,90,electric,
26,Raichu,8,300,,60,90,55,90,80,110,electric,
27,Sandshrew,6,120,,50,75,85,20,30,40,ground,
28,Sandslash,10,295,,75,100,110,45,55,65,ground,
29,Nidoran-F,4,70,,55,47,52,40,40,41,poison,
30,Nidorina,8,200,,70,62,67,55,55,56,poison,
31,Nidoqueen,13,600,,90,92,87,75,85,76,poison,ground
32,Nidoran-M,5,90,,46,57,40,40,40,50,poison,
33,Nidorino,9,195,,61,72,57,55,55,65,poison,
34,Nidoking,14,620,,81,102,77,85,75,85,poison,ground
35,Clefairy,6,75,,70,45,48,60,65,35,fairy,
36,Clefable,13,400,,95,70,73,95,90,60,fairy,
37,Vulpix,6,99,,38,41,40,50,65,65,fire,
38,Ninetales,11,199,,73,76,75,81,100,100,fire,
39,Jigglypuff,5,55,,115,45,20,45,25,20,normal,fairy
40,Wigglytuff,10,120,,140,70,45,85,50,45,normal,fairy
41,Zubat,8,75,,40,45,35,30,40,55,poison,flying
42,Golbat,16,550,,75,80,70,65,75,90,poison,flying
43,Oddish,5,54,,45,50,55,75,65,30,grass,poison
44,Gloom,8,86,,60,65,70,85,75,40,grass,poison
45,Vileplume,12,186,,75,80,85,110,90,50,grass,poison
46,Paras,3,54,,35,70,55,45,55,25,bug,grass
47,Parasect,10,295,,60,95,80,60,80,30,bug,grass
48,Venonat,10,300,,60,55,50,40,55,45,bug,poison
49,Venomoth,15,125,,70,65,60,90,75,90,bug,poison
50,Diglett,2,8,,10,55,25,35,45,95,ground,
51,Dugtrio,7,333,,35,100,50,50,70,120,ground,
52,Meowth,4,42,,40,45,35,40,40,90,normal,
53,Persian,10,320,,65,70,60,65,65,115,normal,
54,Psyduck,8,196,,50,52,48,65,50,55,water,
55,Golduck,17,766,,80,82,78,95,80,85,water,
56,Mankey,5,280,,40,80,35,35,45,70,fighting,
57,Primeape,10,320,,65,105,60,60,70,95,fighting,
58,Growlithe,7,190,,55,70,45,70,50,60,fire,
59,Arcanine,19,1550,,90,110,80,100,80,95,fire,
60,Poliwag,6,124,,40,50,40,40,40,90,water,
61,Poliwhirl,10,200,,65,65,65,50,50,90,water,
62,Poliwrath,13,540,,90,95,95,70,90,70,water,fighting
63,Abra,9,195,,25,20,15,105,55,90,psychic,
64,Kadabra,13,565,,40,35,30,120,70,105,psychic,
65,Alakazam,15,480,,55,50,45,135,95,120,psychic,
66,Machop,8,195,,70,80,50,35,35,35,fighting,
67,Machoke,15,705,,80,100,70,50,60,45,fighting,
68,Machamp,16,1300,,90,130,80,65,85,55,fighting,
69,Bellsprout,7,40,,50,75,35,70,30,40,grass,poison
70,Weepinbell,10,64,,65,90,50,85,45,55,grass,poison
71,Victreebel,17,155,,80,105,65,100,70,70,grass,poison
72,Tentacool,9,455,,40,40,35,50,100,70,water,poison
73,Tentacruel,16,550,,80,70,65,80,120,100,water,poison
74,Geodude,4,200,,40,80,100,30,30,20,rock,ground
75,Graveler,10,1050,,55,95,115,45,45,35,rock,ground
76,Golem,14,3000,,80,120,130,55,65,45,rock,ground
77,Ponyta,10,300,,50,85,55,65,65,90,fire,
78,Rapidash,17,950,,65,100,70,80,80,105,fire,
79,Slowpoke,12,360,,90,65,65,40,40,15,water,psychic
80,Slowbro,16,785,,95,75,110,100,80,30,water,psychic
81,Magnemite,3,60,,25,35,70,95,55,45,electric,steel
82,Magneton,10,600,,50,60,95,120,70,70,electric,steel
83,Farfetchd,8,150,,52,90,55,58,62,60,normal,flying
84,Doduo,14,392,,35,85,45,35,35,75,normal,flying
85,Dodrio,18,852,,60,110,70,60,60,110,normal,flying
86,Seel,11,900,,65,45,55,45,70,45,water,
87,Dewgong,17,1200,,90,70,80,70,95,70,water,ice
88,Grimer,9,300,,80,80,50,40,50,25,poison,
89,Muk,12,300,,105,105,75,65,100,50,poison,
90,Shellder,3,40,,30,65,100,45,25,40,water,
91,Cloyster,15,1325,,50,95,180,85,45,70,water,ice
92,Gastly,13,1,,30,35,30,100,35,80,ghost,poison
93,Haunter,16,1,,45,50,45,115,55,95,ghost,poison
94,Gengar,15,405,,60,65,60,130,75,110,ghost,poison
95,Onix,88,2100,,35,45,160,30,45,70,rock,ground
96,Drowzee,10,324,,60,48,45,43,90,42,psychic,
97,Hypno,16,756,,85,73,70,73,115,67,psychic,
98,Krabby,4,65,,30,105,90,25,25,50,water,
99,Kingler,13,600,,55,130,115,50,50,75,water,
100,Voltorb,5,104,,40,30,50,55,55,100,electric,
101,Electrode,12,666,,60,50,70,80,80,150,electric,
102,Exeggcute,4,25,,60,40,80,60,45,40,grass,psychic
103,Exeggutor,20,1200,,95,95,85,125,75,55,grass,psychic
104,Cubone,4,65,,50,50,95,40,50,35,ground,
105,Marowak,10,450,,60,80,110,50,80,45,ground,
106,Hitmonlee,15,498,,50,120,53,35,110,87,fighting,
107,Hitmonchan,14,502,,50,105,79,35,110,76,fighting,
108,Lickitung,12,655,,90,55,75,60,75,30,normal,
109,Koffing,6,10,,40,65,95,60,45,35,poison,
110,Weezing,12,95,,65,90,120,85,70,60,poison,
111,Rhyhorn,10,1150,,80,85,95,30,30,25,ground,rock
112,Rhydon,19,1200,,105,130,120,45,45,40,ground,rock
113,Chansey,11,346,,250,5,5,35,105,50,normal,
114,Tangela,10,350,,65,55,115,100,40,60,grass,
115,Kangaskhan,22,800,,105,95,80,40,80,90,normal,
116,Horsea,4,80,,30,40,70,70,25,60,water,
117,Seadra,12,250,,55,65,95,95,45,85,water,
118,Goldeen,6,150,,45,67,60,35,50,63,water,
119,Seaking,13,390,,80,92,65,65,80,68,water,
120,Staryu,8,345,,30,45,55,70,55,85,water,
121,Starmie,11,800,,60,75,85,100,85,115,water,psychic
122,Mr-Mime,13,545,,40,45,65,100,120,90,psychic,fairy
123,Scyther,15,560,,70,110,80,55,80,105,bug,flying
124,Jynx,14,406,,65,50,35,115,95,95,ice,psychic
125,Electabuzz,11,300,,65,83,57,95,85,105,electric,
126,Magmar,13,445,,65,95,57,100,85,93,fire,
127,Pinsir,15,550,,65,125,100,55,70,85,bug,
128,Tauros,14,884,,75,100,95,40,70,110,normal,
129,Magikarp,9,100,,20,10,55,15,20,80,water,
130,Gyarados,65,2350,,95,125,79,60,100,81,water,flying
131,Lapras,25,2200,,130,85,80,85,95,60,water,ice
132,Ditto,3,40,,48,48,48,48,48,48,normal,
133,Eevee,3,65,,55,55,50,45,65,55,normal,
134,Vaporeon,10,290,,130,65,60,110,95,65,water,
135,Jolteon,8,245,,65,65,60,110,95,130,electric,
136,Flareon,9,250,,65,130,60,95,110,65,fire,
137,Porygon,8,365,,65,60,70,85,75,40,normal,
138,Omanyte,4,75,,35,40,100,90,55,35,rock,water
139,Omastar,10,350,,70,60,125,115,70,55,rock,water
140,Kabuto,5,115,,30,80,90,55,45,55,rock,water
141,Kabutops,13,405,,60,115,105,65,70,80,rock,water
142,Aerodactyl,18,590,,80,105,65,60,75,130,rock,flying
143,Snorlax,21,4600,,160,110,65,65,110,30,normal,
144,Articuno,17,554,,90,85,100,95,125,85,ice,flying
145,Zapdos,16,526,,90,90,85,125,90,100,electric,flying
146,Moltres,20,600,,90,100,90,125,85,90,fire,flying
147,Dratini,18,33,,41,64,45,50,50,50,dragon,
148,Dragonair,40,165,,61,84,65,70,70,70,dragon,
149,Dragonite,22,2100,,91,134,95,100,100,80,dragon,flying
150,Mewtwo,20,1220,,106,110,90,154,90,130,psychic,
151,Mew,4,40,,100,100,100,100,100,100,psychic,
152,Chikorita,9,64,,45,49,65,49,65,45,grass,
153,Bayleef,12,158,,60,62,80,63,80,60,grass,
154,Meganium,18,1005,,80,82,100,83,100,80,grass,
155,Cyndaquil,5,79,,39,52,43,60,50,65,fire,
156,Quilava,9,190,,58,64,58,80,65,80,fire,
157,Typhlosion,17,795,,78,84,78,109,85,100,fire,
158,Totodile,6,95,,50,65,64,44,48,43,water,
159,Croconaw,11,250,,65,80,80,59,63,58,water,
160,Feraligatr,23,888,,85,105,100,79,83,78,water,
161,Sentret,8,60,,35,46,34,35,45,20,normal,
162,Furret,18,325,,85,76,64,45,55,90,normal,
163,Hoothoot,7,212,,60,30,30,36,56,50,normal,flying
164,Noctowl,16,408,,100,50,50,86,96,70,normal,flying
165,Ledyba,10,108,,40,20,30,40,80,55,bug,flying
166,Ledian,14,356,,55,35,50,55,110,85,bug,flying
167,Spinarak,5,85,,40,60,40,40,40,30,bug,poison
168,Ariados,11,335,,70,90,70,60,70,40,bug,poison
169,Crobat,18,750,,85,90,80,70,80,130,poison,flying
170,Chinchou,5,120,,75,38,38,56,56,67,water,electric
171,Lanturn,12,225,,125,58,58,76,76,67,water,electric
172,Pichu,3,20,,20,40,15,35,35,60,electric,
173,Cleffa,3,30,,50,25,28,45,55,15,fairy,
174,Igglybuff,3,10,,90,30,15,40,20,15,normal,fairy
175,Togepi,3,15,,35,20,65,40,65,20,fairy,
176,Togetic,6,32,,55,40,85,80,105,40,fairy,flying
177,Natu,2,20,,40,50,45,70,45,70,psychic,flying
178,Xatu,15,150,,65,75,70,95,70,95,psychic,flying
179,Mareep,6,78,,55,40,40,65,45,35,electric,
180,Flaaffy,8,133,,70,55,55,80,60,45,electric,
181,Ampharos,14,615,,90,75,85,115,90,55,electric,
182,Bellossom,4,58,,75,80,95,90,100,50,grass,
183,Marill,4,85,,70,20,50,20,50,40,water,fairy
184,Azumarill,8,285,,100,50,80,60,80,50,water,fairy
185,Sudowoodo,12,380,,70,100,115,30,65,30,rock,
186,Politoed,11,339,,90,75,75,90,100,70,water,
187,Hoppip,4,5,,35,35,40,35,55,50,grass,flying
188,Skiploom,6,10,,55,45,50,45,65,80,grass,flying
189,Jumpluff,8,30,,75,55,70,55,95,110,grass,flying
190,Aipom,8,115,,55,70,55,40,55,85,normal,
191,Sunkern,3,18,,30,30,30,30,30,30,grass,
192,Sunflora,8,85,,75,75,55,105,85,30,grass,
193,Yanma,12,380,,65,65,45,75,45,95,bug,flying
194,Wooper,4,85,,55,45,45,25,25,15,water,ground
195,Quagsire,14,750,,95,85,85,65,65,35,water,ground
196,Espeon,9,265,,65,65,60,130,95,110,psychic,
197,Umbreon,10,270,,95,65,110,60,130,65,dark,
198,Murkrow,5,21,,60,85,42,85,42,91,dark,flying
199,Slowking,20,795,,95,75,80,100,110,30,water,psychic
200,Misdreavus,7,10,,60,60,60,85,85,85,ghost,
201,Unown,5,50,,48,72,48,72,48,48,psychic,
202,Wobbuffet,13,285,,190,33,58,33,58,33,psychic,
203,Girafarig,15,415,,70,80,65,90,65,85,normal,psychic
204,Pineco,6,72,,50,65,90,35,35,15,bug,
205,Forretress,12,1258,,75,90,140,60,60,40,bug,steel
206,Dunsparce,15,140,,100,70,70,65,65,45,normal,
207,Gligar,11,648,,65,75,105,35,65,85,ground,flying
208,Steelix,92,4000,,75,85,200,55,65,30,steel,ground
209,Snubbull,6,78,,60,80,50,40,40,30,fairy,
210,Granbull,14,487,,90,120,75,60,60,45,fairy,
211,Qwilfish,5,39,,65,95,85,55,55,85,water,poison
212,Scizor,18,1180,,70,130,100,55,80,65,bug,steel
213,Shuckle,6,205,,20,10,230,10,230,5,bug,rock
214,Heracross,15,540,,80,125,75,40,95,85,bug,fighting
215,Sneasel,9,280,,55,95,55,35,75,115,dark,ice
216,Teddiursa,6,88,,60,80,50,50,50,40,normal,
217,Ursaring,18,1258,,90,130,75,75,75,55,normal,
218,Slugma,7,350,,40,40,40,70,40,20,fire,
219,Magcargo,8,550,,60,50,120,90,80,30,fire,rock
220,Swinub,4,65,,50,50,40,30,30,50,ice,ground
221,Piloswine,11,558,,100,100,80,60,60,50,ice,ground
222,Corsola,6,50,,65,55,95,65,95,35,water,rock
223,Remoraid,6,120,,35,65,35,65,35,65,water,
224,Octillery,9,285,,75,105,75,105,75,45,water,
225,Delibird,9,160,,45,55,45,65,45,75,ice,flying
226,Mantine,21,2200,,85,40,70,80,140,70,water,flying
227,Skarmory,17,505,,65,80,140,40,70,70,steel,flying
228,Houndour,6,108,,45,60,30,80,50,65,dark,fire
229,Houndoom,14,350,,75,90,50,110,80,95,dark,fire
230,Kingdra,18,1520,,75,95,95,95,95,85,water,dragon
231,Phanpy,5,335,,90,60,60,40,40,40,ground,
232,Donphan,11,1200,,90,120,120,60,60,50,ground,
233,Porygon2,6,325,,85,80,90,105,95,60,normal,
234,Stantler,14,712,,73,95,62,85,65,85,normal,
235,Smeargle,12,580,,55,20,35,20,45,75,normal,
236,Tyrogue,7,210,,35,35,35,35,35,35,fighting,
237,Hitmontop,14,480,,50,95,95,35,110,70,fighting,
238,Smoochum,4,60,,45,30,15,85,65,65,ice,psychic
239,Elekid,6,235,,45,63,37,65,55,95,electric,
240,Magby,7,214,,45,75,37,70,55,83,fire,
241,Miltank,12,755,,95,80,105,40,70,100,normal,
242,Blissey,15,468,,255,10,10,75,135,55,normal,
243,Raikou,19,1780,,90,85,75,115,100,115,electric,
244,Entei,21,1980,,115,115,85,90,75,100,fire,
245,Suicune,20,1870,,100,75,115,90,115,85,water,
246,Larvitar,6,720,,50,64,50,45,50,41,rock,ground
247,Pupitar,12,1520,,70,84,70,65,70,51,rock,ground
248,Tyranitar,20,2020,,100,134,110,95,100,61,rock,dark
249,Lugia,52,2160,,106,90,130,90,154,110,psychic,flying
250,Ho-Oh,38,1990,,106,130,90,110,154,90,fire,flying
251,Celebi,6,50,,100,100,100,100,100,100,psychic,grass
252,Treecko,5,50,,40,45,35,65,55,70,grass,
253,Grovyle,9,216,,50,65,45,85,65,95,grass,
254,Sceptile,17,522,,70,85,65,105,85,120,grass,
255,Torchic,4,25,,45,60,40,70,50,45,fire,
256,Combusken,9,195,,60,85,60,85,60,55,fire,fighting
257,Blaziken,19,520,,80,120,70,110,70,80,fire,fighting
258,Mudkip,4,76,,50,70,50,50,50,40,water,
259,Marshtomp,7,280,,70,85,70,60,70,50,water,ground
260,Swampert,15,819,,100,110,90,85,90,60,water,ground
261,Poochyena,5,136,,35,55,35,30,30,35,dark,
262,Mightyena,10,370,,70,90,70,60,60,70,dark,
263,Zigzagoon,4,175,,38,30,41,30,41,60,normal,
264,Linoone,5,325,,78,70,61,50,61,100,normal,
265,Wurmple,3,36,,45,45,35,20,30,20,bug,
266,Silcoon,6,100,,50,35,55,25,25,15,bug,
267,Beautifly,10,284,,60,70,50,100,50,65,bug,flying
268,Cascoon,7,115,,50,35,55,25,25,15,bug,
269,Dustox,12,316,,60,50,70,50,90,65,bug,poison
270,Lotad,5,26,,40,30,30,40,50,30,water,grass
271,Lombre,12,325,,60,50,50,60,70,50,water,grass
272,Ludicolo,15,550,,80,70,70,90,100,70,water,grass
273,Seedot,5,40,,40,40,50,30,30,30,grass,
274,Nuzleaf,10,280,,70,70,40,60,40,60,grass,dark
275,Shiftry,13,596,,90,100,60,90,60,80,grass,dark
276,Taillow,3,23,,40,55,30,30,30,85,normal,flying
277,Swellow,7,198,,60,85,60,75,50,125,normal,flying
278,Wingull,6,95,,40,30,30,55,30,85,water,flying
279,Pelipper,12,280,,60,50,100,95,70,65,water,flying
280,Ralts,4,66,,28,25,25,45,35,40,psychic,fairy
281,Kirlia,8,202,,38,35,35,65,55,50,psychic,fairy
282,Gardevoir,16,484,,68,65,65,125,115,80,psychic,fairy
283,Surskit,5,17,,40,30,32,50,52,65,bug,water
284,Masquerain,8,36,,70,60,62,100,82,80,bug,flying
285,Shroomish,4,45,,60,40,60,40,60,35,grass,
286,Breloom,12,392,,60,130,80,60,60,70,grass,fighting
287,Slakoth,8,240,,60,60,60,35,35,30,normal,
288,Vigoroth,14,465,,80,80,80,55,55,90,normal,
289,Slaking,20,1305,,150,160,100,95,65,100,normal,
290,Nincada,5,55,,31,45,90,30,30,40,bug,ground
291,Ninjask,8,120,,61,90,45,50,50,160,bug,flying
292,Shedinja,8,12,,1,90,45,30,30,40,bug,ghost
293,Whismur,6,163,,64,51,23,51,23,28,normal,
294,Loudred,10,405,,84,71,43,71,43,48,normal,
295,Exploud,15,840,,104,91,63,91,73,68,normal,
296,Makuhita,10,864,,72,60,30,20,30,25,fighting,
297,Hariyama,23,2538,,144,120,60,40,60,50,fighting,
298,Azurill,2,20,,50,20,40,20,40,20,normal,fairy
299,Nosepass,10,970,,30,45,135,45,90,30,rock,
300,Skitty,6,110,,50,45,45,35,35,50,normal,
301,Delcatty,11,326,,70,65,65,55,55,90,normal,
302,Sableye,5,110,,50,75,75,65,65,50,dark,ghost
303,Mawile,6,115,,50,85,85,55,55,50,steel,fairy
304,Aron,4,600,,50,70,100,40,40,30,steel,rock
305,Lairon,9,1200,,60,90,140,50,50,40,steel,rock
306,Aggron,21,3600,,70,110,180,60,60,50,steel,rock
307,Meditite,6,112,,30,40,55,40,55,60,fighting,psychic
308,Medicham,13,315,,60,60,75,60,75,80,fighting,psychic
309,Electrike,6,152,,40,45,40,65,40,65,electric,
310,Manectric,15,402,,70,75,60,105,60,105,electric,
311,Plusle,4,42,,60,50,40,85,75,95,electric,
312,Minun,4,42,,60,40,50,75,85,95,electric,
313,Volbeat,7,177,,65,73,75,47,85,85,bug,
314,Illumise,6,177,,65,47,75,73,85,85,bug,
315,Roselia,3,20,,50,60,45,100,80,65,grass,poison
316,Gulpin,4,103,,70,43,53,43,53,40,poison,
317,Swalot,17,800,,100,73,83,73,83,55,poison,
318,Carvanha,8,208,,45,90,20,65,20,65,water,dark
319,Sharpedo,18,888,,70,120,40,95,40,95,water,dark
320,Wailmer,20,1300,,130,70,35,70,35,60,water,
321,Wailord,145,3980,,170,90,45,90,45,60,water,
322,Numel,7,240,,60,60,40,65,45,35,fire,ground
323,Camerupt,19,2200,,70,100,70,105,75,40,fire,ground
324,Torkoal,5,804,,70,85,140,85,70,20,fire,
325,Spoink,7,306,,60,25,35,70,80,60,psychic,
326,Grumpig,9,715,,80,45,65,90,110,80,psychic,
327,Spinda,11,50,,60,60,60,60,60,60,normal,
328,Trapinch,7,150,,45,100,45,45,45,10,ground,
329,Vibrava,11,153,,50,70,50,50,50,70,ground,dragon
330,Flygon,20,820,,80,100,80,80,80,100,ground,dragon
331,Cacnea,4,513,,50,85,40,85,40,35,grass,
332,Cacturne,13,774,,70,115,60,115,60,55,grass,dark
333,Swablu,4,12,,45,40,60,40,75,50,normal,flying
334,Altaria,11,206,,75,70,90,70,105,80,dragon,flying
335,Zangoose,13,403,,73,115,60,60,60,90,normal,
336,Seviper,27,525,,73,100,60,100,60,65,poison,
337,Lunatone,10,1680,,90,55,65,95,85,70,rock,psychic
338,Solrock,12,1540,,90,95,85,55,65,70,rock,psychic
339,Barboach,4,19,,50,48,43,46,41,60,water,ground
340,Whiscash,9,236,,110,78,73,76,71,60,water,ground
341,Corphish,6,115,,43,80,65,50,35,35,water,
342,Crawdaunt,11,328,,63,120,85,90,55,55,water,dark
343,Baltoy,5,215,,40,40,55,40,70,55,ground,psychic
344,Claydol,15,1080,,60,70,105,70,120,75,ground,psychic
345,Lileep,10,238,,66,41,77,61,87,23,rock,grass
346,Cradily,15,604,,86,81,97,81,107,43,rock,grass
347,Anorith,7,125,,45,95,50,40,50,75,rock,bug
348,Armaldo,15,682,,75,125,100,70,80,45,rock,bug
349,Feebas,6,74,,20,15,20,10,55,80,water,
350,Milotic,62,1620,,95,60,79,100,125,81,water,
351,Castform,3,8,,70,70,70,70,70,70,normal,
352,Kecleon,10,220,,60,90,70,60,120,40,normal,
353,Shuppet,6,23,,44,75,35,63,33,45,ghost,
354,Banette,11,125,,64,115,65,83,63,65,ghost,
355,Duskull,8,150,,20,40,90,30,90,25,ghost,
356,Dusclops,16,306,,40,70,130,60,130,25,ghost,
357,Tropius,20,1000,,99,68,83,72,87,51,grass,flying
358,Chimecho,6,10,,75,50,80,95,90,65,psychic,
359,Absol,12,470,,65,130,60,75,60,75,dark,
360,Wynaut,6,140,,95,23,48,23,48,23,psychic,
361,Snorunt,7,168,,50,50,50,50,50,50,ice,
362,Glalie,15,2565,,80,80,80,80,80,80,ice,
363,Spheal,8,395,,70,40,50,55,50,25,ice,water
364,Sealeo,11,876,,90,60,70,75,70,45,ice,water
365,Walrein,14,1506,,110,80,90,95,90,65,ice,water
366,Clamperl,4,525,,35,64,85,74,55,32,water,
367,Huntail,17,270,,55,104,105,94,75,52,water,
368,Gorebyss,18,226,,55,84,105,114,75,52,water,
369,Relicanth,10,234,,100,90,130,45,65,55,water,rock
370,Luvdisc,6,87,,43,30,55,40,65,97,water,
371,Bagon,6,421,,45,75,60,40,30,50,dragon,
372,Shelgon,11,1105,,65,95,100,60,50,50,dragon,
373,Salamence,15,1026,,95,135,80,110,80,100,dragon,flying
374,Beldum,6,952,,40,55,80,35,60,30,steel,psychic
375,Metang,12,2025,,60,75,100,55,80,50,steel,psychic
376,Metagross,16,5500,,80,135,130,95,90,70,steel,psychic
377,Regirock,17,2300,,80,100,200,50,100,50,rock,
378,Regice,18,1750,,80,50,100,100,200,50,ice,
379,Registeel,19,2050,,80,75,150,75,150,50,steel,
380,Latias,14,400,,80,80,90,110,130,110,dragon,psychic
381,Latios,20,600,,80,90,80,130,110,110,dragon,psychic
382,Kyogre,45,3520,,100,100,90,150,140,90,water,
383,Groudon,35,9500,,100,150,140,100,90,90,ground,
384,Rayquaza,70,2065,,105,150,90,150,90,95,dragon,flying
385,Jirachi,3,11,,100,100,100,100,100,100,steel,psychic
386,Deoxys-Normal,17,608,,50,150,50,150,50,150,psychic,
387,Turtwig,4,102,,55,68,64,45,55,31,grass,
388,Grotle,11,970,,75,89,85,55,65,36,grass,
389,Torterra,22,3100,,95,109,105,75,85,56,grass,ground
390,Chimchar,5,62,,44,58,44,58,44,61,fire,
391,Monferno,9,220,,64,78,52,78,52,81,fire,fighting
392,Infernape,12,550,,76,104,71,104,71,108,fire,fighting
393,Piplup,4,52,,53,51,53,61,56,40,water,
394,Prinplup,8,230,,64,66,68,81,76,50,water,
395,Empoleon,17,845,,84,86,88,111,101,60,water,steel
396,Starly,3,20,,40,55,30,30,30,60,normal,flying
397,Staravia,6,155,,55,75,50,40,40,80,normal,flying
398,Staraptor,12,249,,85,120,70,50,60,100,normal,flying
399,Bidoof,5,200,,59,45,40,35,40,31,normal,
400,Bibarel,10,315,,79,85,60,55,60,71,normal,water
401,Kricketot,3,22,,37,25,41,25,41,25,bug,
402,Kricketune,10,255,,77,85,51,55,51,65,bug,
403,Shinx,5,95,,45,65,34,40,34,45,electric,
404,Luxio,9,305,,60,85,49,60,49,60,electric,
405,Luxray,14,420,,80,120,79,95,79,70,electric,
406,Budew,2,12,,40,30,35,50,70,55,grass,poison
407,Roserade,9,145,,60,70,65,125,105,90,grass,poison
408,Cranidos,9,315,,67,125,40,30,30,58,rock,
409,Rampardos,16,1025,,97,165,60,65,50,58,rock,
410,Shieldon,5,570,,30,42,118,42,88,30,rock,steel
411,Bastiodon,13,1495,,60,52,168,47,138,30,rock,steel
412,Burmy,2,34,,40,29,45,29,45,36,bug,
413,Wormadam-Plant,5,65,,60,59,85,79,105,36,bug,grass
414,Mothim,9,233,,70,94,50,94,50,66,bug,flying
415,Combee,3,55,,30,30,42,30,42,70,bug,flying
416,Vespiquen,12,385,,70,80,102,80,102,40,bug,flying
417,Pachirisu,4,39,,60,45,70,45,90,95,electric,
418,Buizel,7,295,,55,65,35,60,30,85,water,
419,Floatzel,11,335,,85,105,55,85,50,115,water,
420,Cherubi,4,33,,45,35,45,62,53,35,grass,
421,Cherrim,5,93,,70,60,70,87,78,85,grass,
422,Shellos,3,63,,76,48,48,57,62,34,water,
423,Gastrodon,9,299,,111,83,68,92,82,39,water,ground
424,Ambipom,12,203,,75,100,66,60,66,115,normal,
425,Drifloon,4,12,,90,50,34,60,44,70,ghost,flying
426,Drifblim,12,150,,150,80,44,90,54,80,ghost,flying
427,Buneary,4,55,,55,66,44,44,56,85,normal,
428,Lopunny,12,333,,65,76,84,54,96,105,normal,
429,Mismagius,9,44,,60,60,60,105,105,105,ghost,
430,Honchkrow,9,273,,100,125,52,105,52,71,dark,flying
431,Glameow,5,39,,49,55,42,42,37,85,normal,
432,Purugly,10,438,,71,82,64,64,59,112,normal,
433,Chingling,2,6,,45,30,50,65,50,45,psychic,
434,Stunky,4,192,,63,63,47,41,41,74,poison,dark
435,Skuntank,10,380,,103,93,67,71,61,84,poison,dark
436,Bronzor,5,605,,57,24,86,24,86,23,steel,psychic
437,Bronzong,13,1870,,67,89,116,79,116,33,steel,psychic
438,Bonsly,5,150,,50,80,95,10,45,10,rock,
439,Mime-Jr,6,130,,20,25,45,70,90,60,psychic,fairy
440,Happiny,6,244,,100,5,5,15,65,30,normal,
441,Chatot,5,19,,76,65,45,92,42,91,normal,flying
442,Spiritomb,10,1080,,50,92,108,92,108,35,ghost,dark
443,Gible,7,205,,58,70,45,40,45,42,dragon,ground
444,Gabite,14,560,,68,90,65,50,55,82,dragon,ground
445,Garchomp,19,950,,108,130,95,80,85,102,dragon,ground
446,Munchlax,6,1050,,135,85,40,40,85,5,normal,
447,Riolu,7,202,,40,70,40,35,40,60,fighting,
448,Lucario,12,540,,70,110,70,115,70,90,fighting,steel
449,Hippopotas,8,495,,68,72,78,38,42,32,ground,
450,Hippowdon,20,3000,,108,112,118,68,72,47,ground,
451,Skorupi,8,120,,40,50,90,30,55,65,poison,bug
452,Drapion,13,615,,70,90,110,60,75,95,poison,dark
453,Croagunk,7,230,,48,61,40,61,40,50,poison,fighting
454,Toxicroak,13,444,,83,106,65,86,65,85,poison,fighting
455,Carnivine,14,270,,74,100,72,90,72,46,grass,
456,Finneon,4,70,,49,49,56,49,61,66,water,
457,Lumineon,12,240,,69,69,76,69,86,91,water,
458,Mantyke,10,650,,45,20,50,60,120,50,water,flying
459,Snover,10,505,,60,62,50,62,60,40,grass,ice
460,Abomasnow,22,1355,,90,92,75,92,85,60,grass,ice
461,Weavile,11,340,,70,120,65,45,85,125,dark,ice
462,Magnezone,12,1800,,70,70,115,130,90,60,electric,steel
463,Lickilicky,17,1400,,110,85,95,80,95,50,normal,
464,Rhyperior,24,2828,,115,140,130,55,55,40,ground,rock
465,Tangrowth,20,1286,,100,100,125,110,50,50,grass,
466,Electivire,18,1386,,75,123,67,95,85,95,electric,
467,Magmortar,16,680,,75,95,67,125,95,83,fire,
468,Togekiss,15,380,,85,50,95,120,115,80,fairy,flying
469,Yanmega,19,515,,86,76,86,116,56,95,bug,flying
470,Leafeon,10,255,,65,110,130,60,65,95,grass,
471,Glaceon,8,259,,65,60,110,130,95,65,ice,
472,Gliscor,20,425,,75,95,125,45,75,95,ground,flying
473,Mamoswine,25,2910,,110,130,80,70,60,80,ice,ground
474,Porygon-Z,9,340,,85,80,70,135,75,90,normal,
475,Gallade,16,520,,68,125,65,65,115,80,psychic,fighting
476,Probopass,14,3400,,60,55,145,75,150,40,rock,steel
477,Dusknoir,22,1066,,45,100,135,65,135,45,ghost,
478,Froslass,13,266,,70,80,70,80,70,110,ice,ghost
479,Rotom,3,3,,50,50,77,95,77,91,electric,ghost
480,Uxie,3,3,,75,75,130,75,130,95,psychic,
481,Mesprit,3,3,,80,105,105,105,105,80,psychic,
482,Azelf,3,3,,75,125,70,125,70,115,psychic,
483,Dialga,54,6830,,100,120,120,150,100,90,steel,dragon
484,Palkia,42,3360,,90,120,100,150,120,100,water,dragon
485,Heatran,17,4300,,91,90,106,130,106,77,fire,steel
486,Regigigas,37,4200,,110,160,110,80,110,100,normal,
487,Giratina-Altered,45,7500,,150,100,120,100,120,90,ghost,dragon
488,Cresselia,15,856,,120,70,120,75,130,85,psychic,
489,Phione,4,31,,80,80,80,80,80,80,water,
490,Manaphy,3,14,,100,100,100,100,100,100,water,
491,Darkrai,15,505,,70,90,90,135,90,125,dark,
492,Shaymin-Land,2,21,,100,100,100,100,100,100,grass,
493,Arceus,32,3200,,120,120,120,120,120,120,normal,
494,Victini,4,40,,100,100,100,100,100,100,psychic,fire
495,Snivy,6,81,,45,45,55,45,55,63,grass,
496,Servine,8,160,,60,60,75,60,75,83,grass,
497,Serperior,33,630,,75,75,95,75,95,113,grass,
498,Tepig,5,99,,65,63,45,45,45,45,fire,
499,Pignite,10,555,,90,93,55,70,55,55,fire,fighting
500,Emboar,16,1500,,110,123,65,100,65,65,fire,fighting
501,Oshawott,5,59,,55,55,45,63,45,45,water,
502,Dewott,8,245,,75,75,60,83,60,60,water,
503,Samurott,15,946,,95,100,85,108,70,70,water,
504,Patrat,5,116,,45,55,39,35,39,42,normal,
505,Watchog,11,270,,60,85,69,60,69,77,normal,
506,Lillipup,4,41,,45,60,45,25,45,55,normal,
507,Herdier,9,147,,65,80,65,35,65,60,normal,
508,Stoutland,12,610,,85,110,90,45,90,80,normal,
509,Purrloin,4,101,,41,50,37,50,37,66,dark,
510,Liepard,11,375,,64,88,50,88,50,106,dark,
511,Pansage,6,105,,50,53,48,53,48,64,grass,
512,Simisage,11,305,,75,98,63,98,63,101,grass,
513,Pansear,6,110,,50,53,48,53,48,64,fire,
514,Simisear,10,280,,75,98,63,98,63,101,fire,
515,Panpour,6,135,,50,53,48,53,48,64,water,
516,Simipour,10,290,,75,98,63,98,63,101,water,
517,Munna,6,233,,76,25,45,67,55,24,psychic,
518,Musharna,11,605,,116,55,85,107,95,29,psychic,
519,Pidove,3,21,,50,55,50,36,30,43,normal,flying
520,Tranquill,6,150,,62,77,62,50,42,65,normal,flying
521,Unfezant,12,290,,80,115,80,65,55,93,normal,flying
522,Blitzle,8,298,,45,60,32,50,32,76,electric,
523,Zebstrika,16,795,,75,100,63,80,63,116,electric,
524,Roggenrola,4,180,,55,75,85,25,25,15,rock,
525,Boldore,9,1020,,70,105,105,50,40,20,rock,
526,Gigalith,17,2600,,85,135,130,60,80,25,rock,
527,Woobat,4,21,,65,45,43,55,43,72,psychic,flying
528,Swoobat,9,105,,67,57,55,77,55,114,psychic,flying
529,Drilbur,3,85,,60,85,40,30,45,68,ground,
530,Excadrill,7,404,,110,135,60,50,65,88,ground,steel
531,Audino,11,310,,103,60,86,60,86,50,normal,
532,Timburr,6,125,,75,80,55,25,35,35,fighting,
533,Gurdurr,12,400,,85,105,85,40,50,40,fighting,
534,Conkeldurr,14,870,,105,140,95,55,65,45,fighting,
535,Tympole,5,45,,50,50,40,50,40,64,water,
536,Palpitoad,8,170,,75,65,55,65,55,69,water,ground
537,Seismitoad,15,620,,105,95,75,85,75,74,water,ground
538,Throh,13,555,,120,100,85,30,85,45,fighting,
539,Sawk,14,510,,75,125,75,30,75,85,fighting,
540,Sewaddle,3,25,,45,53,70,40,60,42,bug,grass
541,Swadloon,5,73,,55,63,90,50,80,42,bug,grass
542,Leavanny,12,205,,75,103,80,70,80,92,bug,grass
543,Venipede,4,53,,30,45,59,30,39,57,bug,poison
544,Whirlipede,12,585,,40,55,99,40,79,47,bug,poison
545,Scolipede,25,2005,,60,100,89,55,69,112,bug,poison
546,Cottonee,3,6,,40,27,60,37,50,66,grass,fairy
547,Whimsicott,7,66,,60,67,85,77,75,116,grass,fairy
548,Petilil,5,66,,45,35,50,70,50,30,grass,
549,Lilligant,11,163,,70,60,75,110,75,90,grass,
550,Basculin-Red-Striped,10,180,,70,92,65,80,55,98,water,
551,Sandile,7,152,,50,72,35,35,35,65,ground,dark
552,Krokorok,10,334,,60,82,45,45,45,74,ground,dark
553,Krookodile,15,963,,95,117,80,65,70,92,ground,dark
554,Darumaka,6,375,,70,90,45,15,45,50,fire,
555,Darmanitan-Standard,13,929,,105,140,55,30,55,95,fire,
556,Maractus,10,280,,75,86,67,106,67,60,grass,
557,Dwebble,3,145,,50,65,85,35,35,55,bug,rock
558,Crustle,14,2000,,70,105,125,65,75,45,bug,rock
559,Scraggy,6,118,,50,75,70,35,70,48,dark,fighting
560,Scrafty,11,300,,65,90,115,45,115,58,dark,fighting
561,Sigilyph,14,140,,72,58,80,103,80,97,psychic,flying
562,Yamask,5,15,,38,30,85,55,65,30,ghost,
563,Cofagrigus,17,765,,58,50,145,95,105,30,ghost,
564,Tirtouga,7,165,,54,78,103,53,45,22,water,rock
565,Carracosta,12,810,,74,108,133,83,65,32,water,rock
566,Archen,5,95,,55,112,45,74,45,70,rock,flying
567,Archeops,14,320,,75,140,65,112,65,110,rock,flying
568,Trubbish,6,310,,50,50,62,40,62,65,poison,
569,Garbodor,19,1073,,80,95,82,60,82,75,poison,
570,Zorua,7,125,,40,65,40,80,40,65,dark,
571,Zoroark,16,811,,60,105,60,120,60,105,dark,
572,Minccino,4,58,,55,50,40,40,40,75,normal,
573,Cinccino,5,75,,75,95,60,65,60,115,normal,
574,Gothita,4,58,,45,30,50,55,65,45,psychic,
575,Gothorita,7,180,,60,45,70,75,85,55,psychic,
576,Gothitelle,15,440,,70,55,95,95,110,65,psychic,
577,Solosis,3,10,,45,30,40,105,50,20,psychic,
578,Duosion,6,80,,65,40,50,125,60,30,psychic,
579,Reuniclus,10,201,,110,65,75,125,85,30,psychic,
580,Ducklett,5,55,,62,44,50,44,50,55,water,flying
581,Swanna,13,242,,75,87,63,87,63,98,water,flying
582,Vanillite,4,57,,36,50,50,65,60,44,ice,
583,Vanillish,11,410,,51,65,65,80,75,59,ice,
584,Vanilluxe,13,575,,71,95,85,110,95,79,ice,
585,Deerling,6,195,,60,60,50,40,50,75,normal,grass
586,Sawsbuck,19,925,,80,100,70,60,70,95,normal,grass
587,Emolga,4,50,,55,75,60,75,60,103,electric,flying
588,Karrablast,5,59,,50,75,45,40,45,60,bug,
589,Escavalier,10,330,,70,135,105,60,105,20,bug,steel
590,Foongus,2,10,,69,55,45,55,55,15,grass,poison
591,Amoonguss,6,105,,114,85,70,85,80,30,grass,poison
592,Frillish,12,330,,55,40,50,65,85,40,water,ghost
593,Jellicent,22,1350,,100,60,70,85,105,60,water,ghost
594,Alomomola,12,316,,165,75,80,40,45,65,water,
595,Joltik,1,6,,50,47,50,57,50,65,bug,electric
596,Galvantula,8,143,,70,77,60,97,60,108,bug,electric
597,Ferroseed,6,188,,44,50,91,24,86,10,grass,steel
598,Ferrothorn,10,1100,,74,94,131,54,116,20,grass,steel
599,Klink,3,210,,40,55,70,45,60,30,steel,
600,Klang,6,510,,60,80,95,70,85,50,steel,
601,Klinklang,6,810,,60,100,115,70,85,90,steel,
602,Tynamo,2,3,,35,55,40,45,40,60,electric,
603,Eelektrik,12,220,,65,85,70,75,70,40,electric,
604,Eelektross,21,805,,85,115,80,105,80,50,electric,
605,Elgyem,5,90,,55,55,55,85,55,30,psychic,
606,Beheeyem,10,345,,75,75,75,125,95,40,psychic,
607,Litwick,3,31,,50,30,55,65,55,20,ghost,fire
608,Lampent,6,130,,60,40,60,95,60,55,ghost,fire
609,Chandelure,10,343,,60,55,90,145,90,80,ghost,fire
610,Axew,6,180,,46,87,60,30,40,57,dragon,
611,Fraxure,10,360,,66,117,70,40,50,67,dragon,
612,Haxorus,18,1055,,76,147,90,60,70,97,dragon,
613,Cubchoo,5,85,,55,70,40,60,40,40,ice,
614,Beartic,26,2600,,95,130,80,70,80,50,ice,
615,Cryogonal,11,1480,,80,50,50,95,135,105,ice,
616,Shelmet,4,77,,50,40,85,40,65,25,bug,
617,Accelgor,8,253,,80,70,40,100,60,145,bug,
618,Stunfisk,7,110,,109,66,84,81,99,32,ground,electric
619,Mienfoo,9,200,,45,85,50,55,50,65,fighting,
620,Mienshao,14,355,,65,125,60,95,60,105,fighting,
621,Druddigon,16,1390,,77,120,90,60,90,48,dragon,
622,Golett,10,920,,59,74,50,35,50,35,ground,ghost
623,Golurk,28,3300,,89,124,80,55,80,55,ground,ghost
624,Pawniard,5,102,,45,85,70,40,40,60,dark,steel
625,Bisharp,16,700,,65,125,100,60,70,70,dark,steel
626,Bouffalant,16,946,,95,110,95,40,95,55,normal,
627,Rufflet,5,105,,70,83,50,37,50,60,normal,flying
628,Braviary,15,410,,100,123,75,57,75,80,normal,flying
629,Vullaby,5,90,,70,55,75,45,65,60,dark,flying
630,Mandibuzz,12,395,,110,65,105,55,95,80,dark,flying
631,Heatmor,14,580,,85,97,66,105,66,65,fire,
632,Durant,3,330,,58,109,112,48,48,109,bug,steel
633,Deino,8,173,,52,65,50,45,50,38,dark,dragon
634,Zweilous,14,500,,72,85,70,65,70,58,dark,dragon
635,Hydreigon,18,1600,,92,105,90,125,90,98,dark,dragon
636,Larvesta,11,288,,55,85,55,50,55,60,bug,fire
637,Volcarona,16,460,,85,60,65,135,105,100,bug,fire
638,Cobalion,21,2500,,91,90,129,90,72,108,steel,fighting
639,Terrakion,19,2600,,91,129,90,72,90,108,rock,fighting
640,Virizion,20,2000,,91,90,72,90,129,108,grass,fighting
641,Tornadus-Incarnate,15,630,,79,115,70,125,80,111,flying,
642,Thundurus-Incarnate,15,610,,79,115,70,125,80,111,electric,flying
643,Reshiram,32,3300,,100,120,100,150,120,90,dragon,fire
644,Zekrom,29,3450,,100,150,120,120,100,90,dragon,electric
645,Landorus-Incarnate,15,680,,89,125,90,115,80,101,ground,flying
646,Kyurem,30,3250,,125,130,90,130,90,95,dragon,ice
647,Keldeo-Ordinary,14,485,,91,72,90,129,90,108,water,fighting
648,Meloetta-Aria,6,65,,100,77,77,128,128,90,normal,psychic
649,Genesect,15,825,,71,120,95,120,95,99,bug,steel
650,Chespin,4,90,,56,61,65,48,45,38,grass,
651,Quilladin,7,290,,61,78,95,56,58,57,grass,
652,Chesnaught,16,900,,88,107,122,74,75,64,grass,fighting
653,Fennekin,4,94,,40,45,40,62,60,60,fire,
654,Braixen,10,145,,59,59,58,90,70,73,fire,
655,Delphox,15,390,,75,69,72,114,100,104,fire,psychic
656,Froakie,3,70,,41,56,40,62,44,71,water,
657,Frogadier,6,109,,54,63,52,83,56,97,water,
658,Greninja,15,400,,72,95,67,103,71,122,water,dark
659,Bunnelby,4,50,,38,36,38,32,36,57,normal,
660,Diggersby,10,424,,85,56,77,50,77,78,normal,ground
661,Fletchling,3,17,,45,50,43,40,38,62,normal,flying
662,Fletchinder,7,160,,62,73,55,56,52,84,fire,flying
663,Talonflame,12,245,,78,81,71,74,69,126,fire,flying
664,Scatterbug,3,25,,38,35,40,27,25,35,bug,
665,Spewpa,3,84,,45,22,60,27,30,29,bug,
666,Vivillon,12,170,,80,52,50,90,50,89,bug,flying
667,Litleo,6,135,,62,50,58,73,54,72,fire,normal
668,Pyroar,15,815,,86,68,72,109,66,106,fire,normal
669,Flabebe,1,1,,44,38,39,61,79,42,fairy,
670,Floette,2,9,,54,45,47,75,98,52,fairy,
671,Florges,11,100,,78,65,68,112,154,75,fairy,
672,Skiddo,9,310,,66,65,48,62,57,52,grass,
673,Gogoat,17,910,,123,100,62,97,81,68,grass,
674,Pancham,6,80,,67,82,62,46,48,43,fighting,
675,Pangoro,21,1360,,95,124,78,69,71,58,fighting,dark
676,Furfrou,12,280,,75,80,60,65,90,102,normal,
677,Espurr,3,35,,62,48,54,63,60,68,psychic,
678,Meowstic-Male,6,85,,74,48,76,83,81,104,psychic,
679,Honedge,8,20,,45,80,100,35,37,28,steel,ghost
680,Doublade,8,45,,59,110,150,45,49,35,steel,ghost
681,Aegislash-Shield,17,530,,60,50,140,50,140,60,steel,ghost
682,Spritzee,2,5,,78,52,60,63,65,23,fairy,
683,Aromatisse,8,155,,101,72,72,99,89,29,fairy,
684,Swirlix,4,35,,62,48,66,59,57,49,fairy,
685,Slurpuff,8,50,,82,80,86,85,75,72,fairy,
686,Inkay,4,35,,53,54,53,37,46,45,dark,psychic
687,Malamar,15,470,,86,92,88,68,75,73,dark,psychic
688,Binacle,5,310,,42,52,67,39,56,50,rock,water
689,Barbaracle,13,960,,72,105,115,54,86,68,rock,water
690,Skrelp,5,73,,50,60,60,60,60,30,poison,water
691,Dragalge,18,815,,65,75,90,97,123,44,poison,dragon
692,Clauncher,5,83,,50,53,62,58,63,44,water,
693,Clawitzer,13,353,,71,73,88,120,89,59,water,
694,Helioptile,5,60,,44,38,33,61,43,70,electric,normal
695,Heliolisk,10,210,,62,55,52,109,94,109,electric,normal
696,Tyrunt,8,260,,58,89,77,45,45,48,rock,dragon
697,Tyrantrum,25,2700,,82,121,119,69,59,71,rock,dragon
698,Amaura,13,252,,77,59,50,67,63,46,rock,ice
699,Aurorus,27,2250,,123,77,72,99,92,58,rock,ice
700,Sylveon,10,235,,95,65,65,110,130,60,fairy,
701,Hawlucha,8,215,,78,92,75,74,63,118,fighting,flying
702,Dedenne,2,22,,67,58,57,81,67,101,electric,fairy
703,Carbink,3,57,,50,50,150,50,150,50,rock,fairy
704,Goomy,3,28,,45,50,35,55,75,40,dragon,
705,Sliggoo,8,175,,68,75,53,83,113,60,dragon,
706,Goodra,20,1505,,90,100,70,110,150,80,dragon,
707,Klefki,2,30,,57,80,91,80,87,75,steel,fairy
708,Phantump,4,70,,43,70,48,50,60,38,ghost,grass
709,Trevenant,15,710,,85,110,76,65,82,56,ghost,grass
710,Pumpkaboo-Average,4,50,,49,66,70,44,55,51,ghost,grass
711,Gourgeist-Average,9,125,,65,90,122,58,75,84,ghost,grass
712,Bergmite,10,995,,55,69,85,32,35,28,ice,
713,Avalugg,20,5050,,95,117,184,44,46,28,ice,
714,Noibat,5,80,,40,30,35,45,40,55,flying,dragon
715,Noivern,15,850,,85,70,80,97,80,123,flying,dragon
716,Xerneas,30,2150,,126,131,95,131,98,99,fairy,
717,Yveltal,58,2030,,126,131,95,131,98,99,dark,flying
718,Zygarde-50,50,3050,,108,100,121,81,95,95,dragon,ground
719,Diancie,7,88,,50,100,150,100,150,50,rock,fairy
720,Hoopa,5,90,,80,110,60,150,130,70,psychic,ghost
721,Volcanion,17,1950,,80,110,120,130,90,70,fire,water
722,Rowlet,3,15,,68,55,55,50,50,42,grass,flying
723,Dartrix,7,160,,78,75,75,70,70,52,grass,flying
724,Decidueye,16,366,,78,107,75,100,100,70,grass,ghost
725,Litten,4,43,,45,65,40,60,40,70,fire,
726,Torracat,7,250,,65,85,50,80,50,90,fire,
727,Incineroar,18,830,,95,115,90,80,90,60,fire,dark
728,Popplio,4,75,,50,54,54,66,56,40,water,
729,Brionne,6,175,,60,69,69,91,81,50,water,
730,Primarina,18,440,,80,74,74,126,116,60,water,fairy
731,Pikipek,3,12,,35,75,30,30,30,65,normal,flying
732,Trumbeak,6,148,,55,85,50,40,50,75,normal,flying
733,Toucannon,11,260,,80,120,75,75,75,60,normal,flying
734,Yungoos,4,60,,48,70,30,30,30,45,normal,
735,Gumshoos,7,142,,88,110,60,55,60,45,normal,
736,Grubbin,4,44,,47,62,45,55,45,46,bug,
737,Charjabug,5,105,,57,82,95,55,75,36,bug,electric
738,Vikavolt,15,450,,77,70,90,145,75,43,bug,electric
739,Crabrawler,6,70,,47,82,57,42,47,63,fighting,
740,Crabominable,17,1800,,97,132,77,62,67,43,fighting,ice
741,Oricorio-Baile,6,34,,75,70,70,98,70,93,fire,flying
742,Cutiefly,1,2,,40,45,40,55,40,84,bug,fairy
743,Ribombee,2,5,,60,55,60,95,70,124,bug,fairy
744,Rockruff,5,92,,45,65,40,30,40,60,rock,
745,Lycanroc-Midday,8,250,,75,115,65,55,65,112,rock,
746,Wishiwashi-Solo,2,3,,45,20,20,25,25,40,water,
747,Mareanie,4,80,,50,53,62,43,52,45,poison,water
748,Toxapex,7,145,,50,63,152,53,142,35,poison,water
749,Mudbray,10,1100,,70,100,70,45,55,45,ground,
750,Mudsdale,25,9200,,100,125,100,55,85,35,ground,
751,Dewpider,3,40,,38,40,52,40,72,27,water,bug
752,Araquanid,18,820,,68,70,92,50,132,42,water,bug
753,Fomantis,3,15,,40,55,35,50,35,35,grass,
754,Lurantis,9,185,,70,105,90,80,90,45,grass,
755,Morelull,2,15,,40,35,55,65,75,15,grass,fairy
756,Shiinotic,10,115,,60,45,80,90,100,30,grass,fairy
757,Salandit,6,48,,48,44,40,71,40,77,poison,fire
758,Salazzle,12,222,,68,64,60,111,60,117,poison,fire
759,Stufful,5,68,,70,75,50,45,50,50,normal,fighting
760,Bewear,21,1350,,120,125,80,55,60,60,normal,fighting
761,Bounsweet,3,32,,42,30,38,30,38,32,grass,
762,Steenee,7,82,,52,40,48,40,48,62,grass,
763,Tsareena,12,214,,72,120,98,50,98,72,grass,
764,Comfey,1,3,,51,52,90,82,110,100,fairy,
765,Oranguru,15,760,,90,60,80,90,110,60,normal,psychic
766,Passimian,20,828,,100,120,90,40,60,80,fighting,
767,Wimpod,5,120,,25,35,40,20,30,80,bug,water
768,Golisopod,20,1080,,75,125,140,60,90,40,bug,water
769,Sandygast,5,700,,55,55,80,70,45,15,ghost,ground
770,Palossand,13,2500,,85,75,110,100,75,35,ghost,ground
771,Pyukumuku,3,12,,55,60,130,30,130,5,water,
772,Type-Null,19,1205,,95,95,95,95,95,59,normal,
773,Silvally,23,1005,,95,95,95,95,95,95,normal,
774,Minior-Red-Meteor,3,400,,60,60,100,60,100,60,rock,flying
775,Komala,4,199,,65,115,65,75,95,65,normal,
776,Turtonator,20,2120,,60,78,135,91,85,36,fire,dragon
777,Togedemaru,3,33,,65,98,63,40,73,96,electric,steel
778,Mimikyu-Disguised,2,7,,55,90,80,50,105,96,ghost,fairy
779,Bruxish,9,190,,68,105,70,70,70,92,water,psychic
780,Drampa,30,1850,,78,60,85,135,91,36,normal,dragon
781,Dhelmise,39,2100,,70,131,100,86,90,40,ghost,grass
782,Jangmo-O,6,297,,45,55,65,45,45,45,dragon,
783,Hakamo-O,12,470,,55,75,90,65,70,65,dragon,fighting
784,Kommo-O,16,782,,75,110,125,100,105,85,dragon,fighting
785,Tapu-Koko,18,205,,70,115,85,95,75,130,electric,fairy
786,Tapu-Lele,12,186,,70,85,75,130,115,95,psychic,fairy
787,Tapu-Bulu,19,455,,70,130,115,85,95,75,grass,fairy
788,Tapu-Fini,13,212,,70,75,115,95,130,85,water,fairy
789,Cosmog,2,1,,43,29,31,29,31,37,psychic,
790,Cosmoem,1,9999,,43,29,131,29,131,37,psychic,
791,Solgaleo,34,2300,,137,137,107,113,89,97,psychic,steel
792,Lunala,40,1200,,137,113,89,137,107,97,psychic,ghost
793,Nihilego,12,555,,109,53,47,127,131,103,rock,poison
794,Buzzwole,24,3336,,107,139,139,53,53,79,bug,fighting
795,Pheromosa,18,250,,71,137,37,137,37,151,bug,fighting
796,Xurkitree,38,1000,,83,89,71,173,71,83,electric,
797,Celesteela,92,9999,,97,101,103,107,101,61,steel,flying
798,Kartana,3,1,,59,181,131,59,31,109,grass,steel
799,Guzzlord,55,8880,,223,101,53,97,53,43,dark,dragon
800,Necrozma,24,2300,,97,107,101,127,89,79,psychic,
801,Magearna,10,805,,80,95,115,130,115,65,steel,fairy
802,Marshadow,7,222,,90,125,80,90,90,125,fighting,ghost
803,Poipole,6,18,,67,73,67,73,67,73,poison,
804,Naganadel,36,1500,,73,73,73,127,73,121,poison,dragon
805,Stakataka,55,8200,,61,131,211,53,101,13,rock,steel
806,Blacephalon,18,130,,53,127,53,151,79,107,fire,ghost
807,Zeraora,15,445,,88,112,75,102,80,143,electric,
808,Meltan,2,80,,46,65,65,55,35,34,steel,
809,Melmetal,25,8000,,135,143,143,80,65,34,steel,
810,Grookey,3,50,,50,65,50,40,40,65,grass,
811,Thwackey,7,140,,70,85,70,55,60,80,grass,
812,Rillaboom,21,900,,100,125,90,60,70,85,grass,
813,Scorbunny,3,45,,50,71,40,40,40,69,fire,
814,Raboot,6,90,,65,86,60,55,60,94,fire,
815,Cinderace,14,330,,80,116,75,65,75,119,fire,
816,Sobble,3,40,,50,40,40,70,40,70,water,
817,Drizzile,7,115,,65,60,55,95,55,90,water,
818,Inteleon,19,452,,70,85,65,125,65,120,water,
819,Skwovet,3,25,,70,55,55,35,35,25,normal,
820,Greedent,6,60,,120,95,95,55,75,20,normal,
821,Rookidee,2,18,,38,47,35,33,35,57,flying,
822,Corvisquire,8,160,,68,67,55,43,55,77,flying,
823,Corviknight,22,750,,98,87,105,53,85,67,flying,steel
824,Blipbug,4,80,,25,20,20,25,45,45,bug,
825,Dottler,4,195,,50,35,80,50,90,30,bug,psychic
826,Orbeetle,4,408,,60,45,110,80,120,90,bug,psychic
827,Nickit,6,89,,40,28,28,47,52,50,dark,
828,Thievul,12,199,,70,58,58,87,92,90,dark,
829,Gossifleur,4,22,,40,40,60,40,60,10,grass,
830,Eldegoss,5,25,,60,50,90,80,120,60,grass,
831,Wooloo,6,60,,42,40,55,40,45,48,normal,
832,Dubwool,13,430,,72,80,100,60,90,88,normal,
833,Chewtle,3,85,,50,64,50,38,38,44,water,
834,Drednaw,10,1155,,90,115,90,48,68,74,water,rock
835,Yamper,3,135,,59,45,50,40,50,26,electric,
836,Boltund,10,340,,69,90,60,90,60,121,electric,
837,Rolycoly,3,120,,30,40,50,40,50,30,rock,
838,Carkol,11,780,,80,60,90,60,70,50,rock,fire
839,Coalossal,28,3105,,110,80,120,80,90,30,rock,fire
840,Applin,2,5,,40,40,80,40,40,20,grass,dragon
841,Flapple,3,10,,70,110,80,95,60,70,grass,dragon
842,Appletun,4,130,,110,85,80,100,80,30,grass,dragon
843,Silicobra,22,76,,52,57,75,35,50,46,ground,
844,Sandaconda,38,655,,72,107,125,65,70,71,ground,
845,Cramorant,8,180,,70,85,55,85,95,85,flying,water
846,Arrokuda,5,10,,41,63,40,40,30,66,water,
847,Barraskewda,13,300,,61,123,60,60,50,136,water,
848,Toxel,4,110,,40,38,35,54,35,40,electric,poison
849,Toxtricity-Amped,16,400,,75,98,70,114,70,75,electric,poison
850,Sizzlipede,7,10,,50,65,45,50,50,45,fire,bug
851,Centiskorch,30,1200,,100,115,65,90,90,65,fire,bug
852,Clobbopus,6,40,,50,68,60,50,50,32,fighting,
853,Grapploct,16,390,,80,118,90,70,80,42,fighting,
854,Sinistea,1,2,,40,45,45,74,54,50,ghost,
855,Polteageist,2,4,,60,65,65,134,114,70,ghost,
856,Hatenna,4,34,,42,30,45,56,53,39,psychic,
857,Hattrem,6,48,,57,40,65,86,73,49,psychic,
858,Hatterene,21,51,,57,90,95,136,103,29,psychic,fairy
859,Impidimp,4,55,,45,45,30,55,40,50,dark,fairy
860,Morgrem,8,125,,65,60,45,75,55,70,dark,fairy
861,Grimmsnarl,15,610,,95,120,65,95,75,60,dark,fairy
862,Obstagoon,16,460,,93,90,101,60,81,95,dark,normal
863,Perrserker,8,280,,70,110,100,50,60,50,steel,
864,Cursola,10,4,,60,95,50,145,130,30,ghost,
865,Sirfetchd,8,1170,,62,135,95,68,82,65,fighting,
866,Mr-Rime,15,582,,80,85,75,110,100,70,ice,psychic
867,Runerigus,16,666,,58,95,145,50,105,30,ground,ghost
868,Milcery,2,3,,45,40,40,50,61,34,fairy,
869,Alcremie,3,5,,65,60,75,110,121,64,fairy,
870,Falinks,30,620,,65,100,100,70,60,75,fighting,
871,Pincurchin,3,10,,48,101,95,91,85,15,electric,
872,Snom,3,38,,30,25,35,45,30,20,ice,bug
873,Frosmoth,13,420,,70,65,60,125,90,65,ice,bug
874,Stonjourner,25,5200,,100,125,135,20,20,70,rock,
875,Eiscue-Ice,14,890,,75,80,110,65,90,50,ice,
876,Indeedee-Male,9,280,,60,65,55,105,95,95,psychic,normal
877,Morpeko-Full-Belly,3,30,,58,95,58,70,58,97,electric,dark
878,Cufant,12,1000,,72,80,49,40,49,40,steel,
879,Copperajah,30,6500,,122,130,69,80,69,30,steel,
880,Dracozolt,18,1900,,90,100,90,80,70,75,electric,dragon
881,Arctozolt,23,1500,,90,100,90,90,80,55,electric,ice
882,Dracovish,23,2150,,90,90,100,70,80,75,water,dragon
883,Arctovish,20,1750,,90,90,100,80,90,55,water,ice
884,Duraludon,18,400,,70,95,115,120,50,85,steel,dragon
885,Dreepy,5,20,,28,60,30,40,30,82,dragon,ghost
886,Drakloak,14,110,,68,80,50,60,50,102,dragon,ghost
887,Dragapult,30,500,,88,120,75,100,75,142,dragon,ghost
888,Zacian,28,1100,,92,130,115,80,115,138,fairy,
889,Zamazenta,29,2100,,92,130,115,80,115,138,fighting,
890,Eternatus,200,9500,,140,85,95,145,95,130,poison,dragon
891,Kubfu,6,120,,60,90,60,53,50,72,fighting,
892,Urshifu-Single-Strike,19,1050,,100,130,100,63,60,97,fighting,dark
893,Zarude,18,700,,105,120,105,70,95,105,dark,grass
894,Regieleki,12,1450,,80,100,50,100,50,200,electric,
895,Regidrago,21,2000,,200,100,50,100,50,80,dragon,
896,Glastrier,22,8000,,100,145,130,65,110,30,ice,
897,Spectrier,20,445,,100,65,60,145,80,130,ghost,
898,Calyrex,11,77,,100,80,80,80,80,80,psychic,grass
899,Wyrdeer,18,951,,103,105,72,105,75,65,normal,psychic
900,Kleavor,18,890,,70,135,95,45,70,85,bug,rock
901,Ursaluna,24,2900,,130,140,105,45,80,50,ground,normal
902,Basculegion-Male,30,1100,,120,112,65,80,75,78,water,ghost
903,Sneasler,13,430,,80,130,60,40,80,120,fighting,poison
904,Overqwil,25,605,,85,115,95,65,65,85,dark,poison
905,Enamorus-Incarnate,16,480,,74,115,70,135,80,106,fairy,flying
906,Sprigatito,4,41,,40,61,54,45,45,65,grass,
907,Floragato,9,122,,61,80,63,60,63,83,grass,
908,Meowscarada,15,312,,76,110,70,81,70,123,grass,dark
909,Fuecoco,4,98,,67,45,59,63,40,36,fire,
910,Crocalor,10,307,,81,55,78,90,58,49,fire,
911,Skeledirge,16,3265,,104,75,100,110,75,66,fire,ghost
912,Quaxly,5,61,,55,65,45,50,45,50,water,
913,Quaxwell,12,215,,70,85,65,65,60,65,water,
914,Quaquaval,18,619,,85,120,80,85,75,85,water,fighting
915,Lechonk,5,102,,54,45,40,35,45,35,normal,
916,Oinkologne,10,1200,,110,100,75,59,80,65,normal,
917,Tarountula,3,40,,35,41,45,29,40,20,bug,
918,Spidops,10,165,,60,79,92,52,86,35,bug,
919,Nymble,2,10,,33,46,40,21,25,45,bug,
920,Lokix,10,175,,71,102,78,52,55,92,bug,dark
921,Pawmi,3,25,,45,50,20,40,25,60,electric,
922,Pawmo,4,65,,60,75,40,50,40,85,electric,fighting
923,Pawmot,9,410,,70,115,70,70,60,105,electric,fighting
924,Tandemaus,3,18,,50,50,45,40,45,75,normal,
925,Maushold,3,23,,74,75,70,65,75,111,normal,
926,Fidough,3,109,,37,55,70,30,55,65,fairy,
927,Dachsbun,5,149,,57,80,115,50,80,95,fairy,
928,Smoliv,3,65,,41,35,45,58,51,30,grass,normal
929,Dolliv,6,119,,52,53,60,78,78,33,grass,normal
930,Arboliva,14,482,,78,69,90,125,109,39,grass,normal
931,Squawkabilly,6,24,,82,96,51,45,51,92,normal,flying
932,Nacli,4,160,,55,55,75,35,35,25,rock,
933,Naclstack,6,1050,,60,60,100,35,65,35,rock,
934,Garganacl,23,2400,,100,100,130,45,90,35,rock,
935,Charcadet,6,105,,40,50,40,50,40,35,fire,
936,Armarouge,15,850,,85,60,100,125,80,75,fire,psychic
937,Ceruledge,16,620,,75,125,80,60,100,85,fire,ghost
938,Tadbulb,3,4,,61,31,41,59,35,45,electric,
939,Bellibolt,12,1130,,109,64,91,103,83,45,electric,
940,Wattrel,4,36,,40,40,35,55,40,70,electric,flying
941,Kilowattrel,14,386,,70,70,60,105,60,125,electric,flying
942,Maschiff,5,160,,60,78,60,40,51,51,dark,
943,Mabosstiff,11,610,,80,120,90,60,70,85,dark,
944,Shroodle,2,7,,40,65,35,40,35,75,poison,normal
945,Grafaiai,7,272,,63,95,65,80,72,110,poison,normal
946,Bramblin,6,6,,40,65,30,45,35,60,grass,ghost
947,Brambleghast,12,60,,55,115,70,80,70,90,grass,ghost
948,Toedscool,9,330,,40,40,35,50,100,70,ground,grass
949,Toedscruel,19,580,,80,70,65,80,120,100,ground,grass
950,Klawf,13,790,,70,100,115,35,55,75,rock,
951,Capsakid,3,30,,50,62,40,62,40,50,grass,
952,Scovillain,9,150,,65,108,65,108,65,75,grass,fire
953,Rellor,2,10,,41,50,60,31,58,30,bug,
954,Rabsca,3,35,,75,50,85,115,100,45,bug,psychic
955,Flittle,2,15,,30,35,30,55,30,75,psychic,
956,Espathra,19,900,,95,60,60,101,60,105,psychic,
957,Tinkatink,4,89,,50,45,45,35,64,58,fairy,steel
958,Tinkatuff,7,591,,65,55,55,45,82,78,fairy,steel
959,Tinkaton,7,1128,,85,75,77,70,105,94,fairy,steel
960,Wiglett,12,18,,10,55,25,35,25,95,water,
961,Wugtrio,12,54,,35,100,50,50,70,120,water,
962,Bombirdier,15,429,,70,103,85,60,85,82,flying,dark
963,Finizen,13,602,,70,45,40,45,40,75,water,
964,Palafin,13,602,,100,70,72,53,62,100,water,
965,Varoom,10,350,,45,70,63,30,45,47,steel,poison
966,Revavroom,18,1200,,80,119,90,54,67,90,steel,poison
967,Cyclizar,16,630,,70,95,65,85,65,121,dragon,normal
968,Orthworm,25,3100,,70,85,145,60,55,65,steel,
969,Glimmet,7,80,,48,35,42,105,60,60,rock,poison
970,Glimmora,15,450,,83,55,90,130,81,86,rock,poison
971,Greavard,6,350,,50,61,60,30,55,34,ghost,
972,Houndstone,20,150,,72,101,100,50,97,68,ghost,
973,Flamigo,16,370,,82,115,74,75,64,90,flying,fighting
974,Cetoddle,12,450,,108,68,45,30,40,43,ice,
975,Cetitan,45,7000,,170,113,65,45,55,73,ice,
976,Veluza,25,900,,90,102,73,78,65,70,water,psychic
977,Dondozo,120,2200,,150,100,115,65,65,35,water,
978,Tatsugiri,3,80,,68,50,60,120,95,82,dragon,water
979,Annihilape,12,560,,110,115,80,50,90,90,fighting,ghost
980,Clodsire,18,2230,,130,75,60,45,100,20,poison,ground
981,Farigiraf,32,1600,,120,90,70,110,70,60,normal,psychic
982,Dudunsparce,36,392,,125,100,80,85,75,55,normal,
983,Kingambit,20,1200,,100,135,120,60,85,50,dark,steel
984,Great-Tusk,22,3200,,115,131,131,53,53,87,ground,fighting
985,Scream-Tail,12,80,,115,65,99,65,115,111,fairy,psychic
986,Brute-Bonnet,12,210,,111,127,99,79,99,55,grass,dark
987,Flutter-Mane,14,40,,55,55,55,135,135,135,ghost,fairy
988,Slither-Wing,32,920,,85,135,79,85,105,81,bug,fighting
989,Sandy-Shocks,23,600,,85,81,97,121,85,101,electric,ground
990,Iron-Treads,9,2400,,90,112,120,72,70,106,ground,steel
991,Iron-Bundle,6,110,,56,80,114,124,60,136,ice,water
992,Iron-Hands,18,3807,,154,140,108,50,68,50,fighting,electric
993,Iron-Jugulis,13,1110,,94,80,86,122,80,108,dark,flying
994,Iron-Moth,12,360,,80,70,60,140,110,110,fire,poison
995,Iron-Thorns,16,3030,,100,134,110,70,84,72,rock,electric
996,Frigibax,5,170,,65,75,45,35,45,55,dragon,ice
997,Arctibax,8,300,,90,95,66,45,65,62,dragon,ice
998,Baxcalibur,21,2100,,115,145,92,75,86,87,dragon,ice
999,Gimmighoul,3,50,,45,30,70,75,70,10,ghost,
1000,Gholdengo,12,300,,87,60,95,133,91,84,steel,ghost
1001,Wo-Chien,15,742,,85,85,100,95,135,70,dark,grass
1002,Chien-Pao,19,1522,,80,120,80,90,65,135,dark,ice
1003,Ting-Lu,27,6997,,155,110,125,55,80,45,dark,ground
1004,Chi-Yu,4,49,,55,80,80,135,120,100,dark,fire
1005,Roaring-Moon,20,3800,,105,139,71,55,101,119,dragon,dark
1006,Iron-Valiant,14,350,,74,130,90,120,60,116,fairy,fighting
1007,Koraidon,25,3030,,100,135,115,85,100,135,fighting,dragon
1008,Miraidon,35,2400,,100,85,100,135,115,135,electric,dragon
1009,Walking-Wake,35,2800,,99,83,91,125,83,109,water,dragon
1010,Iron-Leaves,15,1250,,90,130,88,70,108,104,grass,psychic
